handleId,fieldType,name,description,productImageUrl,collection,sku,ribbon,price,surcharge,visible,discountMode,discountValue,inventory,weight,cost,productOptionName1,productOptionType1,productOptionDescription1,productOptionName2,productOptionType2,productOptionDescription2,productOptionName3,productOptionType3,productOptionDescription3,productOptionName4,productOptionType4,productOptionDescription4,productOptionName5,productOptionType5,productOptionDescription5,productOptionName6,productOptionType6,productOptionDescription6,additionalInfoTitle1,additionalInfoDescription1,additionalInfoTitle2,additionalInfoDescription2,additionalInfoTitle3,additionalInfoDescription3,additionalInfoTitle4,additionalInfoDescription4,additionalInfoTitle5,additionalInfoDescription5,additionalInfoTitle6,additionalInfoDescription6,customTextField1,customTextCharLimit1,customTextMandatory1,customTextField2,customTextCharLimit2,customTextMandatory2,brand
product_af65701f-7429-35db-d4b8-e1d335b3449c,Product,Macaloney's The Peat Project: Sugar Kelp Washington Peat,"<p>The Peat Project:&nbsp; Canadian Peated Single Malt Whisky</p><p>Distillery Smoked with Sugar Kelp Infused Washington Peat</p><p>Single Cask Series&nbsp;<br>Portuguese Red Wine STR barrique</p><p>&nbsp;</p><p>Sweet bonfire smoke, sugar kelp, vanilla fudge, ripe banana, sandalwood.</p><p>&nbsp;</p><p>50% ABV</p><p>&nbsp;</p><p>&nbsp;</p>",7c9ba4_8d37981c1bf14572aa25924be1b328a4~mv2.png, Spirits; Vancouver Island;Macaloney's Island Distillery,677933,NEW ARRIVAL,73.08,,true,PERCENT,0.0,InStock,,,,,,,,,,,,,,,,,,,,,CASE SIZE,"<p>6 x 750 ml</p>
",Notes,,,,,,,,,,,,,,,,Macaloney's Island Distillery
product_1527cda7-36ac-9319-b6e8-0c4152116299,Product,Macaloney's The Peat Project: Harvest Coast,"<p>The Peat Project:&nbsp; Harvest Coast&nbsp;</p><p>Canadian Peated Single Malt Whisky</p><p>Distillery smoked with Washington Peat in Spanish Oloroso, Virgin American, Kentucky Bourbon, Portuguese Red Wine, Spanish&nbsp;Pedro Ximenez</p><p>&nbsp;</p><p>Wood smoke, pine forest, toffee fudge, apricot, dried figs, new leather, sweet oak.</p><p>&nbsp;</p><p>50% ABV</p><p>&nbsp;</p><p>&nbsp;</p>",7c9ba4_1d64b1fc209e4c9dbdb9786bad3abdfa~mv2.png, Spirits; Vancouver Island;Macaloney's Island Distillery,677928,NEW ARRIVAL,65.35,,true,PERCENT,0.0,InStock,,,,,,,,,,,,,,,,,,,,,CASE SIZE,"<p>6 x 750 ml</p>
",,,,,,,,,,,,,,,,,Macaloney's Island Distillery
product_90093cb4-f339-0d37-d8f1-43edb551c59c,Product,Macaloney's The Peat Project: Cathedral Grove,"<p>The Peat Project:&nbsp; Cathedral Grove</p><p>Canadian Peated Single Malt Whisky</p><p>Distillery smoked with Washington Peat in Virgin American Oak&nbsp;</p><p>&nbsp;</p><p>Wood smoke, pine forest, toffee fudge, apricot, dried figs, new leather, sweet oak.</p><p>&nbsp;</p><p>46% ABV</p><p>&nbsp;</p><p>&nbsp;</p>",7c9ba4_0543ac94674945b9b0374ed2403cf1c1~mv2.png, Spirits; Vancouver Island;Macaloney's Island Distillery,677925,,65.35,,true,PERCENT,0.0,InStock,,,,,,,,,,,,,,,,,,,,,CASE SIZE,"<p>6 x 750 ml</p>
",,,,,,,,,,,,,,,,,Macaloney's Island Distillery
product_afcefc2b-29d6-969b-f95e-95386a434ef5,Product,Wayward Distillery Depth Charge Nocino,"<p>Depth Charge Nocino begins with a single walnut tree on Denman Island, a quiet old giant that has shaded families for years and still drops a generous crop each summer. When the walnuts are green and full of aroma, we gather them by hand and steep them in our dark and dry Depth Charge spirit. The base carries natural notes of coffee and cacao with a small amount of honey to bring everything together.</p><p>As the walnuts infuse, the spirit grows deeper in flavour. The green husks add earthy tannins and a hint of resin, and the roasted character of Depth Charge develops into something richer. Aromas of walnut, orange peel, nutmeg, coffee, and burnt sugar rise from the glass. A touch of honey offers balance without adding sweetness.</p><p>&nbsp;</p><p>30% ABV</p>",7c9ba4_6ca50b80a4804c3c9f0c9c0661504299~mv2.png,Wayward Distillery; Vancouver Island; Spirits,658784,NEW RELEASE,26.27,,true,PERCENT,0.0,InStock,,,,,,,,,,,,,,,,,,,,,CASE SIZE,"<p>12 x 375&nbsp;ml</p>
",,,,,,,,,,,,,,,,,Wayward Distillery
product_791fd557-8fdc-3a9b-96eb-7c0236342109,Product,Synchromesh 2022 Storm Haven Boulders Block Riesling,"<p>Grown in heavy clay soils, filled with granit boulders, over a sublayer of sandy gravels.&nbsp; This wine presents with a fuller body, high acidity, and dry finish.&nbsp;</p><p>Baked pie apple, lime zest with a broad mouthfeel and weight.</p>",7c9ba4_878cdfc7f1ce499fa4f88e1ca79a9d7e~mv2.png, Okanagan; Wine; White;Synchromesh,419476,,24.0,,true,PERCENT,0.0,InStock,,,,,,,,,,,,,,,,,,,,,CASE SIZE,12 x 750 ml,,,,,,,,,,,,,,,,,Synchromesh
product_9f8121e2-c714-d23a-f6cb-79cc830b5b2d,Product,Unsworth Cuvée de l'Île 2019,"<p>Cuvée de l'île is crafted in the traditional method. 2019 Unsworth Vineyard Cuvée de l'île is&nbsp;Pinot Gris (87%), Chardonnay (13%) &nbsp;The wine is lees aged in tank and for a further 36 months in bottle before hand riddling and disgorgement. Following a minimal Brut Nature style dosage, the wine was aged for a further year before release.</p><p>&nbsp;</p><p>The wine shows toasty notes of nuts and fresh brioche supported by apple and lemon. Cuvée de l’île is a wine of passion and made in very small quantities. It is bone-dry, poised and showcases Unsworth’s meticulous attention to detail.</p>",7c9ba4_2c431b70dd4643c2ad6945f41ab77d37~mv2.jpg, Vancouver Island; Wine;Unsworth Vineyards; Sparkling,309810,,39.88,,true,PERCENT,0.0,InStock,,,,,,,,,,,,,,,,,,,,,CASE SIZE,12 x 750 ml,,,,,,,,,,,,,,,,,Unsworth Vineyards
product_4503377b-9720-e95b-1eb3-10343c55194a,Product,Cannon Estate Enivré 2022,"<p>Alsace-style Pinot Gris Blend</p><p>&nbsp;</p><p>70% Pinot Gris and 30% Gewürztraminer from the Estate vineyard.</p><p>&nbsp;</p><p>Clear, pale yellow, nose of honey, applesauce and lemon blossom.</p><p>&nbsp;</p><p>12.1% ABV</p>",02af16_dfb4661f991c464f9ab5b5606362be49~mv2.png, White; Wine;Cannon Estate Winery; Lower Mainland,305932,,19.19,,true,PERCENT,0.0,InStock,,,,,,,,,,,,,,,,,,,,,CASE SIZE,12 x 750 ml,,,,,,,,,,,,,,,,,Cannon Estate Winery
product_92932eb1-c60d-8da8-4563-5f631d3377d9,Product,Cannon Estate Wick Loose Cannon Frizzante Rosé,"<p>Gamay Noir and Gewürztraminer blended into delicate pale salmon-pink hue.&nbsp;&nbsp;</p><p>Fine, spritely bubbles.</p><p>&nbsp;</p><p>Notes of rose petal and ginger.</p><p>11.5% ABV</p>",7c9ba4_775500fa8fa8405aa277006393facfc8~mv2.png,Cannon Estate Winery; Sparkling; Rosé; Wine; Lower Mainland,544125,,14.63,,true,PERCENT,0.0,InStock,,,,,,,,,,,,,,,,,,,,,CASE SIZE,12 x 750 ml,,,,,,,,,,,,,,,,,Cannon Estate Winery
product_fcf35a8b-256f-b834-eead-56dc20df41e4,Product,Cannon Estate Wick Eager Beaver Rosé 2022,"<p>Marechal Foch Rosé Blend</p><p>&nbsp;</p><p>Notes of Bing Cherry, Blackberry, Lemon, Vanilla&nbsp;</p>",7c9ba4_e602aa4690d149b985aa8486af0aa25b~mv2.png,Cannon Estate Winery; Rosé; Wine; Lower Mainland,305918,,13.85,,true,PERCENT,0.0,InStock,,,,,,,,,,,,,,,,,,,,,CASE SIZE,12 x 750 ml,,,,,,,,,,,,,,,,,Cannon Estate Winery
product_a5090115-cfc0-9704-1f78-87d31809a031,Product,"Cobble Hill Winery 2022 ""Storming the Castel"" Port-Style","<p>Fortified (Port Style) red wine, crafted from estate-grown Cobble Hill Castel, hillside fruit. This wine displays a captivating deep ruby color with hints of purple. The nose enchants with aromas of black currant, ripe raspberry, exotic spices, and toasted vanilla beans.&nbsp;&nbsp;On the palate, experience a richly textured blend of dark blackberries, plum, cinnamon, and freshly baked graham cracker pie crust. With a touch less sweetness and alcohol compared to a traditional port, this dessert wine is refreshingly balanced.</p><p>&nbsp;</p><p>ABV 19.5%</p><p>375 ml</p>",7c9ba4_88e77bdc23f94209abc46400623fb210~mv2.png,Cobble Hill Winery; Vancouver Island; Wine; Red,273882,,16.66,,true,PERCENT,0.0,InStock,,16.66,,,,,,,,,,,,,,,,,,,CASE SIZE,"<p>12 x 375&nbsp;ml</p>
",,,,,,,,,,,,,,,,,
product_ce690ef7-071a-e57e-5430-c877980294cc,Product,1 Mill Road 2024 Grenache,"<p>100% Grenache comes from Coyote Canyon Vineyards in Washington's Horse Heaven Hills AVA.</p><p>&nbsp;</p><p>Lifted aromas of sour cherry, cranberry and rose petal mingle with white pepper and savour garrigue. A gentle freshness lingers, promising graceful development in bottle and a long elegant finish.</p>",02af16_ad5d0d9981b54f689658cebaf7ac301b~mv2.png, Red; Wine; Okanagan;1 Mill Road,668638,,33.99,,true,PERCENT,0.0,InStock,,,,,,,,,,,,,,,,,,,,,CASE SIZE,12 x 750 ml,,,,,,,,,,,,,,,,,1 Mill Road
product_7fecc14a-05e4-2a98-2453-181b5a08a3a2,Product,Modest Wines Natural Gas,"<p>A sémillon from a single block, with a little natural gas added in the méthode ancestrale steez, as the cool kids say.&nbsp;From the Lost Horn vineyard, Okanagan Falls. 100% Sémillon.</p><p>Supernaturally fermented bubble. Honeyed-but-fresh, effortlessly stylish &amp; elegant.</p>",7c9ba4_98612c809e3649b888d201431715a93e~mv2.png, White;Modest Wines; Okanagan; Wine,369763,,19.99,,true,PERCENT,0.0,InStock,,,,,,,,,,,,,,,,,,,,,CASE SIZE,"<p>12 x 750 ml</p>
",,,,,,,,,,,,,,,,,
product_6ce2073e-3b31-19d9-036b-de4530349516,Product,Modest Wines No. 4 Orange,"<p>Their modest effort to ferment one of the noble four on skins each vintage. a rotating variety in an orange expression.&nbsp;From the Lazy River Vineyard, in the Similkameen Valley, 100% Riesling, fermented on native yeasts for 33 days. Think Orange Pekoe tea &amp; citrus rind.</p>",7c9ba4_ab31895154bd4cd5ae1ffe1d005bf5ce~mv2.png, White;Modest Wines; Okanagan; Wine,111524,,19.99,,true,PERCENT,0.0,InStock,,,,,,,,,,,,,,,,,,,,,CASE SIZE,"<p>12 x 750 ml</p>
",,,,,,,,,,,,,,,,,
product_1868b428-069e-d0af-24e2-2d2a5291b204,Product,"Modest Wines ""By Jove"" 2021","<p><span>Their first ""Super-Okanagan"", first basked in the sun drenched, sage scented slopes of the black sage bench. 85% Sangiovese with a dash of Okanagan's most prolific grape thrown in for some balance.</span></p>",7c9ba4_8c5930953c55466f9b78ed4a5da27bde~mv2.png, White;Modest Wines; Okanagan; Wine,061419,,19.99,,true,PERCENT,0.0,InStock,,,,,,,,,,,,,,,,,,,,,CASE SIZE,"<p>12 x 750 ml</p>
",,,,,,,,,,,,,,,,,
product_1045b068-1991-804f-cdbc-88299037902b,Product,"Unsworth 2022 Pinot Noir ""Saison Vineyard""",<p>Saison Vineyard Pinot Noir</p><p>A snapshot of a special place to grow Pinot Noir. This wine is complex and full of dark cherry and floral notes with undercurrents of earthy complexity. Saison Pinot Noir is one of our favourite wines from grape to glass.</p>,7c9ba4_d015fc206c0c4832a852aca5d62e9ff5~mv2.png, Vancouver Island; Wine; Red;Unsworth Vineyards,148952,NEW (By Allocation) 93 pts Gis,54.99,,true,PERCENT,0.0,InStock,,,,,,,,,,,,,,,,,,,,,CASE SIZE,12 x 750 ml,,,,,,,,,,,,,,,,,Unsworth Vineyards
product_8fba20ea-72fb-a152-e167-bb75cb716ef2,Product,Macaloney's The Peat Project: Moscatel,"<p>This whisky is from our ‘peated’ island single malt range – double distilled using only the best malted barley available, and uniquely peat-smoked at the distillery, a traditional practice only done by a tiny handful of distilleries. The patient, yet purposeful, distillation produces a complex, layered and balanced ‘clearach’ (new-make spirit).</p><p>&nbsp;</p><p>54 PPM</p><p>ABV: 50%</p><p>Natural Colour &amp; Non-Chill Filtered</p>",7c9ba4_bc6a372fdac7498ba044a0362a26a61d~mv2.png, Spirits; Vancouver Island;Macaloney's Island Distillery,365279,,79.41,,true,PERCENT,0.0,OutOfStock,,,,,,,,,,,,,,,,,,,,,CASE SIZE,"<p>6 x 700 ml</p>
",,,,,,,,,,,,,,,,,Macaloney's Island Distillery
product_756b1917-b530-f691-cced-2956e6a0e6dc,Product,Macaloney's Island Drams Collection Tasting Pack,"<p><span>Featuring An Loy, Cath Nah Aven, Kildara, St. Mallie, and Siol Dugall. Designed for gifting and exploration, showcasing the distillery’s award-winning range.</span></p><p>&nbsp;</p><p>ABV: 46-57%</p><p>Natural Colour &amp; Non-Chill Filtered</p>",7c9ba4_b8717035700547f89a9653acac417349~mv2.png, Spirits; Vancouver Island;Macaloney's Island Distillery,269030,,35.15,,true,PERCENT,0.0,InStock,,,,,,,,,,,,,,,,,,,,,CASE SIZE,"<p>5 x 50 ml</p>

<p>&nbsp;</p>
",,,,,,,,,,,,,,,,,Macaloney's Island Distillery
product_4387e454-f20c-278e-61cb-52d0163464f3,Product,Macaloney's Killeigh,"<p><span>Triple pot distilled whisky matured in Moscatel wine casks. Notes of vanilla, pear, banana, lychee, and toasted hazelnut. Celebrated for its dessert-like style and creamy texture.</span></p><p>&nbsp;</p><p>15 PPM</p><p>ABV: 46%</p><p>Natural Colour &amp; Non-Chill Filtered</p>",7c9ba4_14829f04363845d89a7ef2a1a53ed62c~mv2.png, Spirits; Vancouver Island;Macaloney's Island Distillery,673192,,73.86,,true,PERCENT,0.0,InStock,,,,,,,,,,,,,,,,,,,,,CASE SIZE,"<p>6 x 700 ml</p>
",,,,,,,,,,,,,,,,,Macaloney's Island Distillery
product_0aa04054-3af8-6423-f7d7-cb90b3b08886,Product,"Macaloney's The Peat Project: Ex-Bourbon Cask, Islay Peat","<div><div><div><div><div><div><div><div><div><p>Macaloney’s first ever peated single malt with Islay peat!</p><p>&nbsp;</p><p>From the ‘peated’ single malt range, this island whisky undergoes double distillation using traditional Scottish methods, uses only the finest local malted barley and is uniquely peat-smoked at the distillery – a practice exclusive to a select few. The patient, purposeful distillation yields a complex, layered, and balanced ‘clearach’ (new-make spirit).</p><p>&nbsp;</p><p>The Peat Project range allows you to explore how peats from Washington USA, Canada, and now for the first time; Scotland, differ in their unique flavour profiles.</p><p>&nbsp;</p><p>This expression was distilled using local barley peat-smoked at our distillery to 54 ppm with Scottish peat traditionally hand-cut on the island of Islay. It was then fully matured in a carefully selected Bourbon cask,blanketed with fresh maritime island air.</p><p>&nbsp;</p></div></div></div><div><div><div><p>Nose:<span> Lightly medicinal leading to fruit &amp; floral notes. The most notable early presence includes juniper, pine, treacle and hazelnut. Finishing to dark fruit cake, freshly brewed coffee, delicate pipe smoke and fresh sea breeze.</span></p><p>&nbsp;</p><p>Palate:<span> Velvety with vanilla pods, blackberry jam, and fresh blackcurrents with hints of sweet peat smoke. The Islay peat presents as iodine, seaweed, dried tobacco leaf and leather. Sourdough and malted milk yield to clover honey and then finishes with dried ginger and cellared oak casks.</span></p></div><p>&nbsp;</p></div><p>54 PPM</p><p>ABV: 46%</p><p>Natural Colour &amp; Non-Chill Filtered</p></div></div></div></div></div></div></div>",7c9ba4_3e8d133836de48638d224adff76218ff~mv2.png, Spirits; Vancouver Island;Macaloney's Island Distillery,318191,,78.87,,true,PERCENT,0.0,InStock,,,,,,,,,,,,,,,,,,,,,CASE SIZE,"<p>6 x 700 ml</p>
",,,,,,,,,,,,,,,,,Macaloney's Island Distillery
product_0d822487-c1c4-2b6e-f746-28667291a6bd,Product,Macaloney's Siol Dugall,"<div><p>Siol Dugall, our Whiskymaker’s medium peated signature expression was married from a select combination of Kentucky Bourbon casks, virgin American casks, and re-charred Portuguese red wine barriques.<strong>&nbsp;</strong>The nose is superb with pine wood smoke, light peat smoke and tropical fruit, pork scratchings, rosemary, cedar, sandal wood, and lapsang souchong tea, developing to rose petals, dates, lemon zest, and butterscotch with hints of nutmeg, cloves and ginger. There are also summer meadow flowers, fresh cut grass, malt extract and burnt heather.<strong>&nbsp;</strong>The palate has a velvety mouthfeel with sweet malty peat smoke, barley water, sweetpea flowers, clover honey, crème brûlée with burnt caramel, fennel seed, lemon sponge cake, and dried hay, with lingering oak, a light sweet smoke finish, and a hint of salt with ocean breeze.</p><p>&nbsp;</p><p>27 PPM</p><p>ABV: 46%</p><p>Natural Colour &amp; Non-Chill Filtered</p></div>",7c9ba4_c5cbff74d1844c5ca6a6cd3fc6d84692~mv2.png, Spirits; Vancouver Island;Macaloney's Island Distillery,339156,,78.11,,true,PERCENT,0.0,InStock,,,,,,,,,,,,,,,,,,,,,CASE SIZE,"<p>6 x 700 ml</p>
",,,,,,,,,,,,,,,,,Macaloney's Island Distillery
product_7d2da5f9-81a7-d2a8-1e9b-3b22d860db14,Product,Macaloney's An Loy,"<div><p>An Loy, formerly known as Glenloy, is our ‘Whiskymaker’s Signature Selection’ whereby we carefully selected our classic single malt whisky from a combination of 60% first use Bourbon casks for a delicate, clean presentation, 15% from Dr. Swans wonderful Portuguese STR red-wine barriques for pronounced oak and sweet red-berry contribution, and 15% Oloroso / 10% PX Spanish Sherry casks for wonderful, rich and delicate fruit cake and plums. Together they compliment the tropical fruits and creamy presentation of our new-make house style (which garnered a Gold Medal at the prestigious World Whiskies Awards) to create fruit, floral and Sherry notes followed with oak, vanilla, malt, and sea breeze on the nose. On the palate, creamy, caramelized orange, vanilla, potpourri, fruit cake, blackcurrant, honey, wood spices, and lingering oak.</p><p>&nbsp;</p><p>ABV: 46%</p><p>Natural Colour &amp; Non-Chill Filtered</p></div>",7c9ba4_ca3b986ba2ab4d33a7ebcfd3e1ca9aed~mv2.png, Spirits; Vancouver Island;Macaloney's Island Distillery,414006,,73.86,,true,PERCENT,0.0,InStock,,,,,,,,,,,,,,,,,,,,,CASE SIZE,"<p>6 x 700 ml</p>
",,,,,,,,,,,,,,,,,Macaloney's Island Distillery
product_e27cce30-d41a-b721-3ecf-a1cb008e8085,Product,Macaloney's Kildara,"<p>This island whisky is from our triple distilled single potstill range – triple distilled using only the best unmalted and malted barley available. Kildara was married from a select combination of Kentucky Bourbon, Spanish Oloroso, virgin American, and Spanish Pedro Ximénez (PX) casks. The result is a full bodied, triple distilled single potstill, island whisky with pronounced Oloroso and PX notes including dried fruit cake, vanilla crème laced with cinnamon, demerara sugar, and old seasoned leather notes. Abundant tropical fruits include candied orange, dried apricot, figs, ripe blackberries, blackcurrant jam, dried raisins and roasted nuts. The complexity continues with barley, malt and dried hay, butterscotch, milk chocolate, light tobacco and ocean breeze.</p><p>&nbsp;</p><p>ABV: 46%</p><p>Natural Colour &amp; Non-Chill Filtered</p>",7c9ba4_c9f3a63ffdb44eb9980bfe3a26646929~mv2.png, Spirits; Vancouver Island;Macaloney's Island Distillery,355837,,78.11,,true,PERCENT,0.0,InStock,,,,,,,,,,,,,,,,,,,,,CASE SIZE,"<p>6 x 700 ml</p>
",Notes,"<p>2023 World's Best Whisky Awards</p>
",,,,,,,,,,,,,,,Macaloney's Island Distillery
product_a0966da9-9e29-e868-47fb-5cdfe2904b4e,Product,Macaloney's Cath Nah Aven,"<div><p>Cath-Nah-Aven is our salute to the great Sherried whiskies from the banks of the river Spey. This award-winning Vancouver Island distilled classic single malt spirit was carefully matured in premium Oloroso and Pedro Ximénez casks from Andalucía in Spain. This whisky is carefully selected from a range of&nbsp; American (Quercus alba) oak casks. These were married by our Whiskymaker to create a complex red-berry, plum, and oak nose that compliments and enhances the fruit and floral notes of our new-make spirit.</p><p>&nbsp;</p><p>ABV: 57%</p><p>Natural Colour &amp; Non-Chill Filtered</p></div>",7c9ba4_241de9abb12d443eba165adfb5557a0d~mv2.png, Spirits; Vancouver Island;Macaloney's Island Distillery,313227,,73.86,,true,PERCENT,0.0,InStock,,,,,,,,,,,,,,,,,,,,,CASE SIZE,"<p>6 x 700 ml</p>
",,,,,,,,,,,,,,,,,Macaloney's Island Distillery
product_a144e891-abb0-2604-709c-5abfb9b94eda,Product,Macaloney's Na Braiche,"<div><p>This single malt whisky was crafted from new-make that took ‘Canadian Best’ at the prestigious World Whiskies Awards. One the nose there are ripe red berries, tropical fruit, toffee, toasted oak and wood spices. The palate is smooth and creamy with tropical fruits, fruit cake, honey, citrus, dark chocolate, juicy malt, a hint of sea salt, emerging spices and a long oak finish.</p><p>&nbsp;</p><p>ABV: 46%</p><p>Natural Colour &amp; Non-Chill Filtered</p></div>",7c9ba4_533cf5e23f544c729a754e531f3b328b~mv2.png, Spirits; Vancouver Island;Macaloney's Island Distillery,354352,,61.29,,true,PERCENT,0.0,InStock,,,,,,,,,,,,,,,,,,,,,CASE SIZE,"<p>6 X 700 ml</p>
",,,,,,,,,,,,,,,,,Macaloney's Island Distillery
product_6d728c13-2708-af1e-ed9b-bd99fb952fca,Product,Salt Spring Wild Saskatoon Berry - Keg,"<p>A blend of apple cider and Canadian Saskatoon berries. Simple and uncomplicated, this cider allows the unique character of the berries to shine through with a balanced sweetness and a hint of earthiness. 6.4% ABV</p>",02af16_b7ee7ef2290e4cc4a31dac2157017ea8~mv2.png, Keg; Gulf Islands; Cider;Salt Spring Wild Cider House,015212,,200.0,,true,PERCENT,0.0,InStock,,,,,,,,,,,,,,,,,,,,,CASE SIZE,1 x 20 litre,,,,,,,,,,,,,,,,,Salt Spring Wild Cider House
product_d31aaed6-2aa8-8681-57c3-d176b6f01c1d,Product,Macaloney's An Aba,"<p>An Aba, our Whiskymaker’s lightly peated ‘sherried’, signature expression was crafted from a select marrying of Kentucky Bourbon casks, Spanish Oloroso barriques, Portuguese&nbsp;shaved-toasted-re-charred (STR) red wine barriques, virgin American oak casks, and Spanish Pedro Ximénez casks.</p><p>&nbsp;</p><p>15 PPM</p><p>ABV: 46%</p><p>Natural Colour &amp; Non-Chill Filtered</p>",7c9ba4_970f4fa0475f4018bc30b3a5f02bdb59~mv2.png, Spirits; Vancouver Island;Macaloney's Island Distillery,309805,,78.87,,true,PERCENT,0.0,InStock,,,,,,,,,,,,,,,,,,,,,CASE SIZE,"<p>6 x 700 ml</p>
",,,,,,,,,,,,,,,,,Macaloney's Island Distillery
product_1d137632-352a-465f-9e5b-fbddc4d717e2,Product,Odd Society Limoncello 375 ml,"<p><em>Tradition meets innovation</em></p><p>Inspired by Odd Society's gin, they combine fresh lemon peel with select gin botanicals including bitter orange, rose, elderflower and finished with a touch of local clover honey. Bright, floral and zesty, enjoy this limoncello as a refreshing addition to your favourite summer spritz, or alone as a traditional after-dinner digestif.</p>",7c9ba4_37e34b943eec4c12b3f01f6cb8c573a1~mv2.png, Spirits; Lower Mainland;Odd Society Spirits,,,17.75,,false,PERCENT,0.0,OutOfStock,,,,,,,,,,,,,,,,,,,,,CASE SIZE,12 x 375 ml,,,,,,,,,,,,,,,,,Odd Society Spirits
product_9981b352-e8fe-afa3-cf21-e1bcd2bfa67a,Product,Mt. Boucherie Reserve Petit Verdot. 2022,"<p>Our 2022 Reserve Petit Verdot was farmed on the Golden Mile Slopes by the Dhaliwal family,</p><p>&nbsp;</p><p>Appellation: British Columbia BC VQA.&nbsp; Aged in a combination of new and seasoned French oak for 22 months.</p><p>&nbsp;</p><p>Known for its inky colour and intensity, the 2022 expression of Petit Verdot mirrors the style of the vintage and cuts a fine, svelte profile with softer tannins, dark fruit, and hints of hawthorn berry.</p>",7c9ba4_2d3e2683a0654191918d27ed822bc169~mv2.png, Wine; Okanagan; Red;Mt. Boucherie Estate Winery,111529,NEW ARRIVAL,29.99,,true,PERCENT,0.0,InStock,,,,,,,,,,,,,,,,,,,,,CASE SIZE,"<p><span>12 x 750 ml</span></p>
",,,,,,,,,,,,,,,,,
product_b02c4ba8-942a-2d29-74f3-856fbb8e15ad,Product,Mt. Boucherie Reserve G.S.M. 2022,"<p>Syrah 55%, Mourvedre 26.4%, Grenache 18.6%&nbsp;farmed in Osoyoos and Okanagan Falls, two contrasting sites providing complementary characteristics.</p><p>&nbsp;</p><p>Appellation: British Columbia BC VQA</p><p>&nbsp;</p><p>Aged in a combination of new and seasoned French oak for 18 months.&nbsp; On the palate a medium-bodied profile with plush red fruit, soft tannins.</p>",7c9ba4_c0a41e5914514054b6ad3c6ff8fa421b~mv2.png, Wine; Okanagan; Red;Mt. Boucherie Estate Winery,130708,NEW ARRIVAL,29.99,,true,PERCENT,0.0,InStock,,,,,,,,,,,,,,,,,,,,,CASE SIZE,"<p><span>12 x 750 ml</span></p>
",,,,,,,,,,,,,,,,,
product_63dd22a4-75b2-07f8-55b0-73f474ca1020,Product,"Nagging Doubt 2024 Viognier ""Sidestep""","<p>Our first Sidestep away from BC grapes, fruit for this Viognier comes from the Yakima Valley. This wine was cold-fermented in stainless steel to preserve natural fruit aromas and flavours. On the nose and palate, intense stone fruit notes of peach prevail, with hints of citrus and tropical fruit.&nbsp;</p>",7c9ba4_959722340b654514b1b93c7a94d5f72a~mv2.png, Okanagan; Wine; White;Nagging Doubt Winery,678210,NEW ARRIVAL,20.23,,true,PERCENT,0.0,InStock,,,,,,,,,,,,,,,,,,,,,CASE SIZE,12 x 750 ml,,,,,,,,,,,,,,,,,Nagging Doubt Winery
product_3de814b2-b4c4-cdd2-c035-b3ed61df40bf,Product,"Nagging Doubt 2024 Chardonnay ""Sidestep""","<p>Our first Sidestep away from BC grapes, fruit for this Chardonnay comes from theAirfield Estates vineyard in Yakima Valley.</p><p>&nbsp;</p><p>15% of this wine saw new French oak, the remainder held in stainless steel to let the fruit characteristics shine.</p><p>&nbsp;</p><p>Classic pear, and peach notes prevail with some tropical fruit evident on the nose and palate. A hint of vanilla from the oak rounds out this lighter style Chardonnay.</p><p>&nbsp;</p>",7c9ba4_31015f7ec8744e7785dabfb0160315e4~mv2.png, Okanagan; Wine; White;Nagging Doubt Winery,678213,NEW ARRIVAL,20.23,,true,PERCENT,0.0,InStock,,,,,,,,,,,,,,,,,,,,,CASE SIZE,12 x 750 ml,,,,,,,,,,,,,,,,,Nagging Doubt Winery
product_da541d97-c07d-496b-f99d-a225b85b51d9,Product,Ones Sparkling Red  200 ml,"<p>Sparkling Rosé&nbsp;in&nbsp;200 ml bottle (new format)</p><p>Bursting with the fresh scent of just-ripe blackberry and juicy pomegranate, this light-bodied red is as vibrant as it is refined. With a bright acidity &amp; smooth medium tannins, every sip is a perfectly balanced, fruit-forward delight.</p>",7c9ba4_20a8c87571034c9a80587abf0b071714~mv2.png,Non Alcoholic; Rosé; Okanagan;Ones+ Non-Alc BC Wine; Wine,628340840041,,5.5,,true,PERCENT,0.0,InStock,,,,,,,,,,,,,,,,,,,,,CASE SIZE,"<p>24 x 200 ml</p>
",,,,,,,,,,,,,,,,,Ones
product_2f0ef499-dfa5-3938-ff2e-26d347aeba67,Product,Ones Sparkling Rosé  200 ml,"<p>Sparkling Rosé&nbsp;in&nbsp;200 ml bottle (new format)</p><p>Tasting Notes:&nbsp;&nbsp;Melon and strawberry on nose, bright acid on palate, light body</p>",7c9ba4_70a375d80aef4f3c8c662147e3cc47ee~mv2.png,Non Alcoholic; Rosé; Okanagan;Ones+ Non-Alc BC Wine; Wine,628340840010,,5.5,,true,PERCENT,0.0,InStock,,,,,,,,,,,,,,,,,,,,,CASE SIZE,"<p>24 x 200 ml</p>
",,,,,,,,,,,,,,,,,Ones
product_1c0d9766-9cbd-1b5a-26f1-5b5594f77096,Product,Ones Sparkling White  200 ml,"<p>Sparkling White in a 200 ml bottle.&nbsp;</p><p>Tasting Notes:&nbsp; pineapple and tropical notes on the nose, lively palate, light body</p>",7c9ba4_0895eed6b7a94473868a8f1a5352321d~mv2.png,Non Alcoholic; Rosé; Okanagan;Ones+ Non-Alc BC Wine; Wine,628340840027,,5.5,,true,PERCENT,0.0,InStock,,,,,,,,,,,,,,,,,,,,,CASE SIZE,"<p>24 x 200 ml</p>
",,,,,,,,,,,,,,,,,Ones
product_8361a9ba-7781-3c54-dbb1-3796ec99b8c4,Product,Salt Spring Wild Apple Grape,<p>Wild Apples blended with Grapes</p>,7c9ba4_a4302389bd9a4b5992a6108448c853f0~mv2.png, Gulf Islands; Cider;Salt Spring Wild Cider House,329894,,13.5,,false,PERCENT,0.0,OutOfStock,,,,,,,,,,,,,,,,,,,,,CASE SIZE,12 x 750 ml,,,,,,,,,,,,,,,,,Salt Spring Wild Cider House
product_64dfc2cf-9e74-adc7-93a3-118fd9b064b9,Product,Salt Spring Wild Salted Pineapple Perry,"<p>Summer in a glass. Refreshing, tropical, and meant to be enjoyed on a beach somewhere (or your favourite patio, campground, or back deck). Made with Salt Spring Island pears and organic pineapple.</p>",7c9ba4_0fb5454752144069a36c7d5c9b703d94~mv2.png, Gulf Islands; Cider;Salt Spring Wild Cider House,236161,,13.5,,false,PERCENT,0.0,OutOfStock,,,,,,,,,,,,,,,,,,,,,CASE SIZE,12 x 750 ml,,,,,,,,,,,,,,,,,Salt Spring Wild Cider House
product_c00c51b8-3af3-1f06-5bb6-f7f9b16da6b7,Product,Synchromesh 2022 Storm Haven Pinot Noir,"<p>Storm Haven Vineyard is the 107-acre home and heart of Synchromesh. With large elevation changes and varying geology, we are able to explore very different expressions of Riesling, Cabernet Franc and Pinot Noir from each block. Farmed without synthetics or chemicals and following a holistic approach, we strive to grow our vines within the existing ecosystem rather than manipulating it. All this is supported by a 65 acre sanctuary to protect the sensitive habitat that calls our property home.</p>",7c9ba4_afe58bdb1b5f4fd7aa3bc23e564942b0~mv2.png, Okanagan; Wine;Synchromesh; Red,81941,,24.0,,true,PERCENT,0.0,InStock,,,,,,,,,,,,,,,,,,,,,CASE SIZE,12 x 750 ml,,,,,,,,,,,,,,,,,Synchromesh
product_f155ee3b-1b29-13d7-c75e-f774b3ee9438,Product,"Edna's ""Mezcalita"" Non-Alcoholic Cocktail","<p>MEZCAL EXTRACT • LIME • ORANGE</p><p>4 x 355 ml / 12 fl. oz / 6 Case Pack</p><p>0% Alcohol / Gluten Free&nbsp;</p><p>&nbsp;</p><p>Our take on a Mezcal Margarita, our delicious ‘Mezcalita’, is smoky, fruity with a little spice.</p><p>&nbsp;</p><p>Edna’s are a line of sparkling, non-alcoholic cocktails, that are small batch prepared with premium, all natural ingredients, with no artificial flavours, additives or preservatives.&nbsp;Using top quality juices, extracts, oils, real cane sugar, citrus shrub &amp; authentic spirit extracts, to create characterful cocktails, with proper taste &amp; flavour.</p>",7c9ba4_78bdad6b139e424ba6da16fc13796496~mv2.png,Edna's Non-Alcoholic Cocktails;Non Alcoholic,10-MEZ-4PK,,11.8,,true,PERCENT,0.0,InStock,,,,,,,,,,,,,,,,,,,,,,,,,,,,,,,,,,,,,,,
product_05cc05eb-b5c6-9e1a-0172-bd4ac8f728fd,Product,"Edna's ""Collins"" Non-Alcoholic Cocktail","<p>GIN EXTRACT • LEMON • CUCUMBER</p><p>4 x 355 ml / 12 fl. oz / 6 Case Pack</p><p>0% Alcohol / Gluten Free&nbsp;</p><p>&nbsp;</p><p>Our take on the Tom Collins, the elegant ‘Collins’ has delightful juniper on the nose, with tart lemon and subtle cucumber.</p><p>&nbsp;</p><p>Edna’s are a line of sparkling, non-alcoholic cocktails, that are small batch prepared with premium, all natural ingredients, with no artificial flavours, additives or preservatives.&nbsp;Using top quality juices, extracts, oils, real cane sugar, citrus shrub &amp; authentic spirit extracts, to create characterful cocktails, with proper taste &amp; flavour.</p>",7c9ba4_e2a2a45c24e140f8875925eb8420c87a~mv2.png,Edna's Non-Alcoholic Cocktails;Non Alcoholic,08-COL-4PK,,11.8,,true,PERCENT,0.0,InStock,,,,,,,,,,,,,,,,,,,,,,,,,,,,,,,,,,,,,,,
product_b1287734-cee1-0388-8abd-a545800d5915,Product,"Edna's ""Mule"" Non-Alcoholic Cocktail","<p>WHISKEY EXTRACT • GINGER • LIME</p><p>4 x 355 ml / 12 fl. oz / 6 Case Pack</p><p>0% Alcohol / Gluten Free&nbsp;</p><p>&nbsp;</p><p>A twist on the copper mug classic, our 'Mule' marries whiskey notes, with a rich ginger profile, cut with a fresh zing of lime.</p><p>&nbsp;</p><p>Edna’s are a line of sparkling, non-alcoholic cocktails, that are small batch prepared with premium, all natural ingredients, with no artificial flavours, additives or preservatives.&nbsp;Using top quality juices, extracts, oils, real cane sugar, citrus shrub &amp; authentic spirit extracts, to create characterful cocktails, with proper taste &amp; flavour.</p>",7c9ba4_93c5b2cfc4874d0ab97d1a99b4c043ef~mv2.png,Edna's Non-Alcoholic Cocktails;Non Alcoholic,06-MUL-4PK,,11.8,,true,PERCENT,0.0,InStock,,,,,,,,,,,,,,,,,,,,,,,,,,,,,,,,,,,,,,,
product_97f7cac7-a7b0-152b-2e66-8d29bfb306fc,Product,"Edna's ""Paloma"" Non-Alcoholic Cocktail","<p>TEQUILA EXTRACT • GRAPEFRUIT • LIME</p><p>4 x 355 ml / 12 fl. oz / 6 Case Pack</p><p>0% Alcohol / Gluten Free&nbsp;</p><p>&nbsp;</p><p>Our take on the Mexican cocktail, the ‘Paloma’ has wonderful agave aroma, with juicy grapefruit and lime.</p><p>&nbsp;</p><p>Edna’s are a line of sparkling, non-alcoholic cocktails, that are small batch prepared with premium, all natural ingredients, with no artificial flavours, additives or preservatives.&nbsp;Using top quality juices, extracts, oils, real cane sugar, citrus shrub &amp; authentic spirit extracts, to create characterful cocktails, with proper taste &amp; flavour.</p>",7c9ba4_66e852e692124c6ab40b6a05ece036fc~mv2.png,Edna's Non-Alcoholic Cocktails;Non Alcoholic,04-PAL-4PK,,11.8,,true,PERCENT,0.0,InStock,,,,,,,,,,,,,,,,,,,,,,,,,,,,,,,,,,,,,,,
product_9bb00b98-8c38-ba04-0c2d-3640f38bf744,Product,"Edna's ""Mojito"" Non-Alcoholic Cocktail","<p>RUM EXTRACT • MINT • LIME</p><p>4 x 355 ml / 12 fl. oz / 6 Case Pack</p><p>0% Alcohol / Gluten Free&nbsp;</p><p>&nbsp;</p><p>Our take on the Cuban classic, the ‘Mojito’ is delightfully minty, citrusy and refreshing.</p><p>&nbsp;</p><p>Edna’s are a line of sparkling, non-alcoholic cocktails, that are small batch prepared with premium, all natural ingredients, with no artificial flavours, additives or preservatives.&nbsp;Using top quality juices, extracts, oils, real cane sugar, citrus shrub &amp; authentic spirit extracts, to create characterful cocktails, with proper taste &amp; flavour.</p>",7c9ba4_1a624e1ca7d4471daa0f227d25fc4b48~mv2.png,Edna's Non-Alcoholic Cocktails;Non Alcoholic,02-MOJ-4PK,,11.8,,true,PERCENT,0.0,InStock,,,,,,,,,,,,,,,,,,,,,,,,,,,,,,,,,,,,,,,
product_f3c5b65a-1d18-3bde-e4fc-c8b4835690bb,Product,Cobble Hill Winery 2024 Muscat,"<p>With&nbsp;star-bright clarity and medium straw hue, accented by a delicate fern green tint at the rim. The nose offers a whiplash-inducing intensity of jasmine, lychee, and lemon verbena, inviting you to indulge from the first sniff. On the palate, these vibrant aromatics are joined by honeydew melon and a touch of savory texture from whole cluster pressing. Medium-bodied with delicate acidity, this Muscat finishes steely and clean, promising a truly memorable tasting experience. Harvested from Zanatta Vineyard.</p>",7c9ba4_4ffcceb0cc19466f8bffbaf0b60d4a6c~mv2.png,Cobble Hill Winery; Vancouver Island; White; Wine,325200,,19.98,,false,PERCENT,0.0,OutOfStock,,,,,,,,,,,,,,,,,,,,,CASE SIZE,"<p>12 x 750 ml</p>
",,,,,,,,,,,,,,,,,
product_a53e4135-5e06-3246-63dd-d9e0d57ee1dd,Product,Cobble Hill Winery 2024 Rosé,"<p>A vibrant and refreshing wine that captures the essence of summer in every sip. Crafted from 63% Zweigelt from Cherry Point Vineyard and 37% Cabernet Libre from our Estate Vineyard, this star-bright Rosé delights the nose with tantalizing notes of watermelon, Rainier cherry, and gooseberry. Enjoy a hint of spritz crackle on the palate, followed by flavors of red currant, watermelon, and cherries, with bright acidity and a touch of savory herb. Basket pressed and aged in stainless steel; this well-balanced, medium-light-bodied wine has a satisfying finishing length.&nbsp;</p>",7c9ba4_d0bbb439b8244ae79b99eede69d789f4~mv2.png,Cobble Hill Winery; Vancouver Island; Wine; Rosé,325181,,18.63,,false,PERCENT,0.0,OutOfStock,,,,,,,,,,,,,,,,,,,,,CASE SIZE,"<p>12 x 750 ml</p>
",,,,,,,,,,,,,,,,,
product_ac10de04-8e6c-0bc4-2b63-93f64766235a,Product,Anthony Buchanan 2024 Petit Sirah - PNWS,"<p>Pacific Northwest Series&nbsp;</p><p>100% Petit Sirah (Durif)</p><p>Origin: Zillah Vineyard, Rattlesnake Hills AVA, Yakima Valley</p><p>Ferment in puncheon and Amphora</p><p>Evelage: 5 months in 40% Amphora,40% Puncheon, 20% third fill Hungarian Oak</p><p>&nbsp;</p>",7c9ba4_ce79e16dd58343f2a2a7247c9358739c~mv2.png, White; Wine; Okanagan;Anthony Buchanan Wines,304086,NEW RELEASE,25.33,,true,PERCENT,0.0,InStock,,,,,,,,,,,,,,,,,,,,,CASE SIZE,12 x 750 ml,,,,,,,,,,,,,,,,,Anthony Buchanan Wines
product_76fd467a-4732-edb1-0858-db07ab39f201,Product,Anthony Buchanan 2024 Mourvèdre - PNWS,"<p>Pacific Northwest Series&nbsp;</p><p>100% Mourvèdre from Zillah Vineyard, Rattlesnake Hills AVA, Yakima Valley</p><p>Evelage: 5 months in 57% Amphora,43% third fill French</p>",7c9ba4_e2fb6cf87c1e4b24b4430257b2cc6840~mv2.png, White; Wine; Okanagan;Anthony Buchanan Wines,304092,NEW RELEASE,25.33,,true,PERCENT,0.0,InStock,,,,,,,,,,,,,,,,,,,,,CASE SIZE,12 x 750 ml,,,,,,,,,,,,,,,,,Anthony Buchanan Wines
product_677b4dcf-7c7c-a5a8-8aa5-f5856a2941e4,Product,Anthony Buchanan 2024 Sauvignon Blanc - PNWS,"<p>Pacific Northwest Series&nbsp;</p><p>100% Sauvignon Blanc from Airfield Estate, Rattlesnake Mountain, Yakima Valley AVA</p><p>Fermentation: Spontaneous in Stainless and third fill French</p><p>13% alcohol</p>",7c9ba4_099ba157e09c48049d1f284f84111577~mv2.png, White; Wine; Okanagan;Anthony Buchanan Wines,304095,NEW RELEASE,18.99,,false,PERCENT,0.0,OutOfStock,,,,,,,,,,,,,,,,,,,,,CASE SIZE,12 x 750 ml,,,,,,,,,,,,,,,,,Anthony Buchanan Wines
product_6f903d0d-395f-e3b0-7df2-b21c18031dc2,Product,Anthony Buchanan 2024 Rosé - PNWS,"<p>Pacific Northwest Series&nbsp;</p><p>Origin: Zillah Vineyard, Rattlesnake Hills AVA, Yakima Valley</p><p>Varietal: 95% Syrah, 5% Mourvèdre</p><p>Evelage:&nbsp;5 months on fine lees in stainless barrels and puncheon</p>",7c9ba4_e3495a9d2abe4c30a40f3c216415f56b~mv2.png, White; Wine; Okanagan;Anthony Buchanan Wines,304103,NEW RELEASE,18.99,,true,PERCENT,0.0,InStock,,,,,,,,,,,,,,,,,,,,,CASE SIZE,12 x 750 ml,,,,,,,,,,,,,,,,,Anthony Buchanan Wines
product_a79db14c-bd76-173b-5e96-a24d607220ce,Product,Anthony Buchanan 2024 La Bise,"<p>Varietal: Gewurztraminer, Sauvignon Blanc, Cabernet Franc, Pinot Noir</p><p>Varietal: Dabinett, Michelin, Stokes (Cider Apples)</p><p>Origin: Kaleden, Oliver, Cawston, Summerland vineyards and Orchards</p><p>Fermentation: Ambient yeast in Amphora, barrel, stainless</p><p>8.5% Alcohol</p><p>&nbsp;</p>",7c9ba4_b0408900fcc64c3cb1b5188e09f20543~mv2.png, White; Wine; Okanagan;Anthony Buchanan Wines,422918,NEW RELEASE,17.01,,false,PERCENT,0.0,OutOfStock,,,,,,,,,,,,,,,,,,,,,CASE SIZE,12 x 750 ml,,,,,,,,,,,,,,,,,Anthony Buchanan Wines
product_90ea8d6d-c759-facb-630a-5a0204594a8d,Product,Anthony Buchanan 2024 Chenin Blanc - PNWS,"<p>Pacific Northwest Series&nbsp;</p><p>100% Chenin Blanc from&nbsp;Arete Vineyard, North Slope, Columbia Valley</p><p>Whole cluster press,&nbsp;Spontaneous&nbsp;Fermentation</p><p>Elevage: 5 months in Cask and Concrete on fine lees</p>",7c9ba4_4cb3b1430dd5404b8067a5148fd6d4ac~mv2.png, White; Wine; Okanagan;Anthony Buchanan Wines,304100,NEW RELEASE,18.99,,false,PERCENT,0.0,OutOfStock,,,,,,,,,,,,,,,,,,,,,CASE SIZE,12 x 750 ml,,,,,,,,,,,,,,,,,Anthony Buchanan Wines
product_3f3c9a7b-d26e-c358-5f43-435a8bc1b62c,Product,Nagging Doubt 2022 Cabernet Sauvignon,"<p>100% Cabernet Sauvignon from the Okanagan Valley.&nbsp;&nbsp;Aged 20 months in first-pass French and American oak.</p><p>&nbsp;</p><p>This Cabernet Sauvignon showcases vibrant, classic aromas of dark, juicy berriesand a hint of graphite that adds an extra layer of complexity to the nose and palate. Thewine's tannins, structure, and long finish make it an age-worthy vintage (5-7 years).</p>",7c9ba4_b562434106d24ad79483a5954633f624~mv2.png, Okanagan; Wine; Red;Nagging Doubt Winery,448256,,24.9,,true,PERCENT,0.0,InStock,,,,,,,,,,,,,,,,,,,,,CASE SIZE,12 x 750 ml,,,,,,,,,,,,,,,,,Nagging Doubt Winery
product_40e273f1-d722-87e9-c034-12305c5a9dcd,Product,Mt. Boucherie White Label 2023 Riesling,"<p>Our Riesling was planted in 1991 at Lazy River Vineyard in South Cawston, Similkameen Valley.</p><p>&nbsp;</p><p>This wine showcases ripe citrus and stone fruit characteristics with hallmark bright acidity and freshness. Pair with oysters, spicy prawns, or glazed pork belly.</p><p>&nbsp;</p><p>12% Alcohol&nbsp;</p>",7c9ba4_669c82156061430db9912da723b25359~mv2.png,Mt. Boucherie Estate Winery; Okanagan; White; Wine,602078,,16.99,,true,PERCENT,0.0,InStock,,,,,,,,,,,,,,,,,,,,,CASE SIZE,"<p><span>12 x 750 ml</span></p>
",,,,,,,,,,,,,,,,,
product_129f5262-0a88-cdd9-36be-0de0c4da46a9,Product,1 Mill Road 2024 Grenache Rosé,"<p>100% Grenache Rosé is sourced from Coyote Canyon Vineyard in Washington's Horse Heaven Hills AVA.</p><p>&nbsp;</p><p>Pale salmon hue, the 2024 Grenache Rosé is both delicate and expressive.&nbsp; The nose opens with notes of blood orange, pink cherry and chalky strawberry, lifted by a hint of sea spray.&nbsp;&nbsp;</p><p>&nbsp;</p><p>The palate is bone dry and precise, with bright red strawberry and raspberry layered over stunning acidity.</p><p>&nbsp;</p><p>12.4% Alcohol</p>",7c9ba4_7fe5a16c9cf44da89214a84e408c9ee0~mv2.png,1 Mill Road; Wine; Okanagan; Rosé,365142,,29.99,,true,PERCENT,0.0,InStock,,,,,,,,,,,,,,,,,,,,,CASE SIZE,"<p>12 x 750 ml</p>
",,,,,,,,,,,,,,,,,
product_cc529548-9c8c-f2a9-3497-294619591398,Product,Rust Wines 2020 Solus - Golden Mile Bench,"<p>38% Merlot, 32% Zinfandel, 29% Cabernet Sauvignon, 1% Gewürztraminer from the South Rock Vineyard on Golden Mile Bench</p><p>&nbsp;</p><p>Aged for 18 months in French and American oak, 61% of which was new.</p><p>&nbsp;</p><p>As each block is harvested, it is added to the cuvée as part of a rolling cofermentation. The ethos of this process is intended to put forth a unified expression of a single vineyard site</p>",7c9ba4_ed5fd182db104cc4b0de46ab0dec4d37~mv2.png, Wine;Rust Wine Co; Okanagan; Red,134026,,45.0,,true,PERCENT,0.0,InStock,,,,,,,,,,,,,,,,,,,,,CASE SIZE,"<p><span>12 x 750 ml</span></p>
",,,,,,,,,,,,,,,,,
product_5b9abdde-db43-93cc-bde0-36c761095bd7,Product,Rust Wines 2022 Zinfandel - Golden Mile Bench,"<p>100% Zinfandel&nbsp;from the South Rock Vineyard on Golden Mile Bench</p><p>&nbsp;</p><p>Aged in a combination of French and Hungarian oak, 13% of which was new.</p><p>&nbsp;</p><p>Showcasing brambly fruit, clove, dried cherries, and figs. A thread of baking spice persists through the palate, which finishes with lingering notes of both fresh, dried, and compote-like red fruit.</p>",7c9ba4_e859933df038407998167a3a03f5a75f~mv2.png, Wine;Rust Wine Co; Okanagan; Red,298723,,29.99,,true,PERCENT,0.0,InStock,,,,,,,,,,,,,,,,,,,,,CASE SIZE,"<p><span>12 x 750 ml</span></p>
",,,,,,,,,,,,,,,,,
product_d10a3e18-83c7-cd1b-f387-7ea437ebbf92,Product,Rust Wines 2022 Syrah - Okanagan Falls,"<p>100% Syrah from the Lost Horn Vineyard in Okanagan Falls</p><p>&nbsp;</p><p>25% whole-cluster fermented. Aged in French &amp; Hungarian oak for 18 months, 33% of<br>which was new.</p><p>&nbsp;</p><p>Our second release of Syrah from Okanagan Falls offers a structured and full-bodied wine with a brooding, rustic quality. Vibrant purple fruit, leather, subtle spice, and fresh-cut violets complement this wine's inherent depth. Rather shy in its youth, expect this to open up increasingly over the next 5 years.</p>",7c9ba4_e859933df038407998167a3a03f5a75f~mv2.png, Wine;Rust Wine Co; Okanagan; Red,177066,,29.99,,false,PERCENT,0.0,OutOfStock,,,,,,,,,,,,,,,,,,,,,CASE SIZE,"<p><span>12 x 750 ml</span></p>
",,,,,,,,,,,,,,,,,
product_40c10d9c-da12-3846-0908-de17ad328462,Product,Rust Wines 2022 Syrah - Golden Mile Bench,"<p>100% Syrah from the South Rock Vineyard on the Golden Mile Bench.</p><p>&nbsp;</p><p>Aged in French oak for approximately 18 months, 25% of which was new</p><p>&nbsp;</p><p>Damson plum, brambleberry, and garrigue dominate the nose and palate, complemented by hallmark Syrah-like cured meat character. Look for this to develop for the next 8-10 years.</p>",7c9ba4_77c82e20020b4df6af353503cf7d2918~mv2.png, Wine;Rust Wine Co; Okanagan; Red,177058,,29.99,,true,PERCENT,0.0,InStock,,,,,,,,,,,,,,,,,,,,,CASE SIZE,"<p><span>12 x 750 ml</span></p>
",,,,,,,,,,,,,,,,,
product_ee899aa7-0413-a5de-8df9-59a90925d1dd,Product,Rust Wines 2022 Pinot Noir - West Kelowna,"<p>100% Pinot Noir from the Three Mountain Vineyard in West Kelowna</p><p>&nbsp;</p><p>Aged in French &amp; Hungarian oak for 16 months, 20% of which was new.</p><p>&nbsp;</p><p>Pronounced cherry fruit, subtle earthiness, dense brush, and layered tea spice all play their respective roles in an elegant frame.</p>",7c9ba4_d87f12908e814926a957083af52a4b3f~mv2.png, Wine;Rust Wine Co; Okanagan; Red,298673,,29.99,,true,PERCENT,0.0,InStock,,5.0,,,,,,,,,,,,,,,,,,,CASE SIZE,"<p><span>12 x 750 ml</span></p>
",,,,,,,,,,,,,,,,,
product_c5f82503-eeba-f118-7c09-c06b5a63f4fa,Product,Rust Wines 2022 Gamay - Similkameen Valley,"<p>100% Gamay from the Lazy River Vineyard, Similkameen Valley</p><p>&nbsp;</p><p>Aged in neutral oak for 4 months.</p><p>&nbsp;</p><p>Bursting with crunchy red berries, bing cherry, and the subtlest of mineral and tobacco notes</p>",7c9ba4_443b2099b21d48cc9b4f2053ffdf5370~mv2.png, Wine;Rust Wine Co; Okanagan; Red,150461,,19.99,,true,PERCENT,0.0,InStock,,,,,,,,,,,,,,,,,,,,,CASE SIZE,"<p><span>12 x 750 ml</span></p>
",,,,,,,,,,,,,,,,,
product_febd8636-dac7-4bb6-1c8a-fce62ed41e6f,Product,Rust Wines 2022 Cabernet Franc - Okanagan Falls,"<p>100% Cabernet Franc from the Lost Horn Vineyard, in Okanagan Falls</p><p>&nbsp;</p><p>The 2022 Cabernet Franc is bursting with juicy, fresh red and purple fruits, a hint of pepper spice.</p><p>&nbsp;</p><p>6 months in neutral French &amp; European oak.</p>",7c9ba4_3ea3dd9901e544ff90628fd9f991e433~mv2.png, Wine;Rust Wine Co; Okanagan; Red,150439,,19.99,,true,PERCENT,0.0,InStock,,,,,,,,,,,,,,,,,,,,,CASE SIZE,"<p><span>12 x 750 ml</span></p>
",,,,,,,,,,,,,,,,,
product_681d665c-61f0-4f7c-ee8c-df326c011e85,Product,Rust Wines 2023 Riesling - Okanagan Falls,"<p>100% Riesling from Lost Horn Vineyards in Okanagan Falls.</p><p>&nbsp;</p><p>Bright acidity with layered fruit, beginning with classic lime and honeyed green apple notes leading to lashings of guava and papaya. Well-balanced and genuinely mouthwatering.</p><p>&nbsp;</p><p>100% stainless steel fermented with 5 months on the lees.</p>",7c9ba4_ab44951f96324ea49df1e736787e87d7~mv2.png, Wine;Rust Wine Co; Okanagan; White,164933,,16.99,,true,PERCENT,0.0,InStock,,,,,,,,,,,,,,,,,,,,,CASE SIZE,"<p><span>12 x 750 ml</span></p>
",,,,,,,,,,,,,,,,,
product_02b42a8c-f49f-73cf-0a34-fb7fac42423e,Product,1 Mill Road 2023 Block Two Pinot Noir,"<p>This wine is produced from Black Pine Vineyard, a 4-acre slice of paradise on the Naramata Bench. The Pinot Noir portion of the vineyard is planted to four clones. The vines grow and thrive in granite soil that is bony and dry, forcing the vines to struggle just enough to encourage deep complexity in flavour. These grapes were hand-picked and gently crushed and destemmed into stainless steel fermenters. Fermentation lasted 14 days, utilizing a combination of cap management techniques. After fermentation, the wine was drained and gently basket-pressed into a mix of 1-, 2-, and 3-year-old French oak barriques. After nine months, the wine was blended and bottled, unfined and unfiltered.</p>",7c9ba4_24ba19d6c463468690032358ff6eda93~mv2.png, Red;1 Mill Road; Wine,480593,NEW ARRIVAL,36.99,,false,PERCENT,0.0,OutOfStock,,,,,,,,,,,,,,,,,,,,,CASE SIZE,"<p>12 x 750 ml</p>
",,,,,,,,,,,,,,,,,
product_3e69b069-e270-95ef-6026-731d09100081,Product,Rust Wines 2023 Chardonnay - Okanagan Falls,"<p>100% Chardonnay from Lost Horn Vineyards in Okanagan Falls.</p><p>&nbsp;</p><p>Our second release of barrel-fermented Chardonnay, made in the Burgundian ""black"" style, during which the grapes are aggressively pressed and exposed to relatively greater amounts of oxygen before spontaneous fermentation in barrel. This process<br>adds a layer of complexity and in turn, makes the wine more cellar-worthy. White peach and shiro plum are complemented by delicate notes of caramel,</p>",7c9ba4_3ea3dd9901e544ff90628fd9f991e433~mv2.png, White;Rust Wine Co; Okanagan; Wine,395723,,24.99,,true,PERCENT,0.0,InStock,,,,,,,,,,,,,,,,,,,,,CASE SIZE,"<p><span>12 x 750 ml</span></p>
",,,,,,,,,,,,,,,,,
product_214ec0c9-3c48-43c6-952f-ffed84847fe6,Product,Synchromesh 2023 Long's View Dry Riesling,"The former Bob Hancock Vineyard has been renamed for the current owners Charles and Linda Long. Returning to vineyard ownership after many years, the Long’s have committed to a fully organic transition of this property as we nurture it into maturity. Located up above the Naramata Village on an alluvial fan of mostly calcium carbonate, the gentle southern slope provides very even and balanced ripening with great acid retention and gentle structure.",02af16_12aa1f369b244a80b1895150514ee743~mv2.png, Okanagan; Wine; White;Synchromesh,309693,,23.0,,false,PERCENT,0.0,OutOfStock,,,,,,,,,,,,,,,,,,,,,CASE SIZE,12 x 750 ml,,,,,,,,,,,,,,,,,Synchromesh
product_e1231dc2-75a9-f843-ef52-806f95da6fd5,Product,Mt. Boucherie Original Vines PTG 2021,"<p>This field blend of Pinot Noir, Gamay Noir, and Pinot Gris were crushed in to tank&nbsp; together where they underwent full Carbonic Maceration (natural fermentation under a blanket of CO2). This technique provides a fresh, fruit- forward, and lighter style red wine. It then spent 6 months in second-use French oak puncheons where the various components were able to fully integrate, creating a polished, intentional example of the style.</p>",7c9ba4_b204d89ef58044029b5fb15d465cf19b~mv2.png,Mt. Boucherie Estate Winery; Red; Wine; Okanagan,78218,,24.99,,true,PERCENT,0.0,InStock,,,,,,,,,,,,,,,,,,,,,CASE SIZE,"<p><span>12 x 750 ml</span></p>
",,,,,,,,,,,,,,,,,
product_7f5beab0-f492-368f-abc3-a7cae2d0426f,Product,Mt. Boucherie Original Vines 2022 Chardonnay,"<p>All of the vineyard blocks chosen for the Original Vines Collection were planted before the year 2000.</p><p>&nbsp;</p><p>100% Chardonnay.&nbsp; Delicate notes of orchard fruit, almond, and a kiss of oak are met with a line of fresh, citrus-tinted acidity. Notes of lemon, peach, and orange blossom fill the glass while the palate showcases pineapple, fresh bread, and a hint French oak spice.</p>",7c9ba4_7203b25c970f48acbfecb0995c9e196b~mv2.png,Mt. Boucherie Estate Winery; White; Wine; Okanagan,78182,,24.99,,true,PERCENT,0.0,InStock,,,,,,,,,,,,,,,,,,,,,CASE SIZE,"<p><span>12 x 750 ml</span></p>
",,,,,,,,,,,,,,,,,
product_7f9c8ec8-ab13-d84f-6480-be6ffc03f85c,Product,Mt. Boucherie Original Vines Cabernet Sauvignon 2021,"<p>All of the vineyard blocks chosen for the Original Vines Collection were planted before the year 2000.</p><p>&nbsp;</p><p>Dark, opulent fruit backed by present yet ripe tannins, with a pleasing, sumptuous, and persistent finish.</p><p>&nbsp;</p><p>Aged for 18 months (60% French oak and 40% American oak, 40% of which was new)</p>",7c9ba4_571d9ca669a5410995ea27e3b57facba~mv2.png,Mt. Boucherie Estate Winery; Red; Wine; Okanagan,78223,,29.99,,true,PERCENT,0.0,InStock,,,,,,,,,,,,,,,,,,,,,CASE SIZE,"<p><span>12 x 750 ml</span></p>
",,,,,,,,,,,,,,,,,
product_fd1b87df-31cf-e7bf-f78d-169f3ead50ff,Product,Mt. Boucherie Original Vines 2022 Sémillon,"<p>All of the vineyard blockschosen for the Original Vines Collection were planted before the year 2000.</p><p>&nbsp;</p><p>A rich, yet acid-driven style that will continue to age for 8+ years.</p><p>&nbsp;</p><p>Notes of beeswax, yellow peach, and fig fill the glass while the palate is full of mandarin-laden citrus framed by a kiss of French oak.<br>&nbsp;</p><p>&nbsp;</p>",7c9ba4_8c12a639746942c0b4469381a17def6b~mv2.png,Mt. Boucherie Estate Winery; Okanagan; Wine; White,78191,,19.99,,true,PERCENT,0.0,InStock,,,,,,,,,,,,,,,,,,,,,CASE SIZE,"<p><span>12 x 750 ml</span></p>
",,,,,,,,,,,,,,,,,
product_c2ef67b7-a2f0-b03d-7a3f-b12dac0209a7,Product,Mt. Boucherie White Label Cabernet Merlot,"<p>Our Cabernet Merlot is blended from vineyards in the Okanagan and Similkameen Valleys. These areas impart their distinctive stamp on the finished wine, which showcases flavours of plum, blackberries, lavender, and mocha. Medium to full-bodied, aged 14 months in neutral French oak.</p>",7c9ba4_bb425d185ef54261ab4541d14e15a070~mv2.png,Mt. Boucherie Estate Winery; Okanagan; Red; Wine,326640,,19.99,,true,PERCENT,0.0,InStock,,,,,,,,,,,,,,,,,,,,,CASE SIZE,"<p><span>12 x 750 ml</span></p>
",,,,,,,,,,,,,,,,,
product_217e04fd-89d2-908a-a4f7-cdfd706f178e,Product,Mt. Boucherie White Label 2022 Merlot,"<p>A medium to full-bodied Merlot that showcases aromas and flavours of black cherry, clove, and red berry compote. Aged in French oak for 14 months, 15% of which was new.</p>",7c9ba4_96721cfc0ba64a49b1b10b8116c0b893~mv2.png,Mt. Boucherie Estate Winery; Okanagan; Red; Wine,723759,,17.99,,true,PERCENT,0.0,InStock,,,,,,,,,,,,,,,,,,,,,CASE SIZE,"<p><span>12 x 750 ml</span></p>
",,,,,,,,,,,,,,,,,
product_60b9e1fe-13ea-a786-fb0f-f9ac48a22e88,Product,Mt. Boucherie White Label 2023 Blaufränkisch 2023,"<p>Our Blaufränkisch was planted in 1993 at Lazy River Vineyard in South Cawston, Similkameen Valley.</p><p>Aged in neutral Hungarian and French oak for 4 months.</p><p>A rare and unique medium-bodied wine that showcases notes of wild blueberries, sour cherries, and baking spices.</p>",7c9ba4_04c2a7826ec04dd08a8ee60bcab3f33c~mv2.png,Mt. Boucherie Estate Winery; Red; Okanagan; Wine,64428,,19.99,,true,PERCENT,0.0,InStock,,,,,,,,,,,,,,,,,,,,,CASE SIZE,"<p><span>12 x 750 ml</span></p>
",,,,,,,,,,,,,,,,,
product_7552eae7-4e5f-48de-e8c0-76c94bae4de9,Product,Mt. Boucherie White Label 2024 Pinot Noir,"<p>100% Pinot Noir.&nbsp;Aged in French oak for 6 months, 15% new.</p><p>This medium-bodied wine shows classic notes of fresh and vibrant Bing cherry, cranberry compote, subtle spice, with the complexity of fine black tea.</p>",7c9ba4_5aceb4986e784531ad3d2cab53f58abe~mv2.png,Mt. Boucherie Estate Winery; Okanagan; Red; Wine,624437,LTO -$2,19.99,,true,AMOUNT,2.0,InStock,,,,,,,,,,,,,,,,,,,,,CASE SIZE,"<p><span>12 x 750 ml</span></p>
",,,,,,,,,,,,,,,,,
product_5e93b0cd-dd74-844d-2d16-dc409ea200a1,Product,Mt. Boucherie White Label 2024 Rosé,"<p>Gamay Noir,&nbsp; cultivated at Featherstone Vineyard,&nbsp;Niagara Peninsula, Ontario.</p><p>&nbsp;</p><p>A mouthwatering rosé with aromas and flavours of watermelon, raspberry, and citrus blossom. Bright and eminently refreshing , it pairs wonderfully with charcuterie, summer salads, and patios.</p>",7c9ba4_fa031626ad4544719e6b9c395c04213e~mv2.png,Mt. Boucherie Estate Winery; Okanagan; Rosé; Wine,289700,,16.99,,false,PERCENT,0.0,OutOfStock,,,,,,,,,,,,,,,,,,,,,CASE SIZE,"<p><span>12 x 750 ml</span></p>
",,,,,,,,,,,,,,,,,
product_e1e2d00c-50cd-7502-a7a0-fad891d2973f,Product,Mt. Boucherie White Label 2024 Pinot Gris,"<p>100% Pinot Gris, cultivated in Yakima Valley, AVA Washington State.</p><p>&nbsp;</p><p>Clean, bright, with delicate citrus and stone fruit notes, this is a Pinot Gris that feels close to home.</p>",7c9ba4_c6065bff994340f881ad37ad2e5015a3~mv2.png,Mt. Boucherie Estate Winery; Okanagan; White; Wine,295323,,16.99,,false,PERCENT,0.0,InStock,,,,,,,,,,,,,,,,,,,,,CASE SIZE,"<p><span>12 x 750 ml</span></p>
",,,,,,,,,,,,,,,,,
product_1fe75c11-8eac-6bc3-7e18-b5bad5192d69,Product,Mt. Boucherie Reserve Malbec 2022,"<p>Our 2021 Reserve Malbec was farmed at Lazy River Vineyard in South Cawston, Similkameen Valley.</p>",7c9ba4_219aac5b1e094040befca59aee197aec~mv2.png,Mt. Boucherie Estate Winery; Okanagan; Red; Wine,261192,,29.99,,true,PERCENT,0.0,InStock,,,,,,,,,,,,,,,,,,,,,CASE SIZE,"<p><span>12 x 750 ml</span></p>
",,,,,,,,,,,,,,,,,
product_4d37d551-b614-fa13-5a39-b24b2d99da1a,Product,Mt. Boucherie Reserve Merlot 2021,"<p>Our 2021&nbsp;Reserve Merlot was farmed at Lazy River Vineyard in South Cawston, South Rock Vineyard on the Golden Mile Bench, and Lost Horn Vineyard in Okanagan Falls.</p><p>&nbsp;</p><p>100% Merlot</p><p>Aged in American and French oakfor 14 months, 25% of which was new.</p>",7c9ba4_a4c47b2531e24aca83eb619ba6f6a7ca~mv2.png,Mt. Boucherie Estate Winery; Okanagan; Red; Wine,213567,,21.99,,false,PERCENT,0.0,OutOfStock,,,,,,,,,,,,,,,,,,,,,CASE SIZE,"<p><span>12 x 750 ml</span></p>
",,,,,,,,,,,,,,,,,
product_7e71951b-1206-e256-5653-86a5519e58f7,Product,Mt. Boucherie Reserve Chardonnay 2023,"<p>A full-bodied Chardonnay showing aromas and flavours of peach, pineapple,<br>Meyer lemon, and oak spice. Rich seafood dishes or roasted white meats are perfect pairings.</p>",7c9ba4_6f3b0e3fb7e649fdb8efcbbf87286542~mv2.png,Mt. Boucherie Estate Winery; Okanagan; White; Wine,64527,,21.99,,true,PERCENT,0.0,InStock,,,,,,,,,,,,,,,,,,,,,CASE SIZE,"<p>12 x 750 ml</p>
",,,,,,,,,,,,,,,,,
product_04797fbf-1f09-e0e5-555c-b3016d346b85,Product,Mt. Boucherie Reserve Syrah 2022,"<p>Our 2020 Reserve Syrah was farmed at Lazy River Vineyard in the Similkameen Valley, as well as South Rock Vineyard on the Golden Mile Bench and Lost Horn Vineyard in Okanagan Falls.</p>",7c9ba4_c0ff86c9dbb540a89e8dacabdd49f2a7~mv2.png,Mt. Boucherie Estate Winery; Okanagan; Red; Wine,66076,,29.99,,true,PERCENT,0.0,InStock,,,,,,,,,,,,,,,,,,,,,CASE SIZE,"<p><span>12 x 750 ml</span></p>
",,,,,,,,,,,,,,,,,
product_32c0faa1-0202-7292-c0cd-ff5f9fb5d547,Product,Mt. Boucherie Summit (Meritage) 2019,"<p>Varieties:</p><p>57% Merlot, 26% Cabernet Franc, 9% Carménère, 5% Malbec, 2% Cabernet Sauvignon, 1% Syrah<br>Appellation: British Columbia BC VQA<br>Cellar: Aged in 100% French oak for 24 months, 35% of which was new.</p>",7c9ba4_b6f60bf681aa4621ac367c1e89b0f42a~mv2.png,Mt. Boucherie Estate Winery; Okanagan; Red; Wine,632893,,39.99,,true,PERCENT,0.0,InStock,,,,,,,,,,,,,,,,,,,,,CASE SIZE,"<p><span>12 x 750 ml</span></p>
",,,,,,,,,,,,,,,,,
product_329d3177-1da6-f0be-ab3a-5ca9de7a9de4,Product,Cobble Hill Winery 2023 Muscat,"<p>Our 2023 Muscat captivates the senses with its star-bright clarity and medium straw hue, accented by a delicate fern green tint at the rim. The nose offers a whiplash inducing intensity of jasmine, lychee, and lemon verbena, inviting you to indulge from the first sniff. On the palate, these vibrant aromatics are joined by honeydew melon and a touch of savory texture from whole cluster pressing. Medium-bodied with delicate acidity, this Muscat finishes steely and clean, promising a truly memorable tasting experience. Harvested from Zanatta Vineyard.</p>",7c9ba4_9a1652e9b5844e52b9e2a62c063d1a91~mv2.png,Cobble Hill Winery; Vancouver Island; White; Wine,314383,,19.98,,false,PERCENT,0.0,OutOfStock,,,,,,,,,,,,,,,,,,,,,,,,,,,,,,,,,,,,,,,
product_9ca28402-71be-64d6-5c85-60a333cfe875,Product,Cobble Hill Winery 2023 Merlot,"<p>This wine captivates with its clear, day-bright clarity and deep ruby color, edged with pale purple. On the nose, it enchants with gorgeous aromas of damson plum, dark rose petals, cassis, and a hint of fresh-cut cedar. The palate is rich with loads of black cherry up front, followed by notes of bergamot tea and cacao nibs. Medium-plus bodied with youthful tannins, this Merlot features juicy acidity and a touch of pomegranate on the finish.&nbsp; Grown at Zanatta Vineyards.</p>",7c9ba4_c2924a34347b4f2590e451bd9cfdab28~mv2.png,Cobble Hill Winery; Red; Vancouver Island; Wine,314404,,23.31,,false,PERCENT,0.0,OutOfStock,,,,,,,,,,,,,,,,,,,,,CASE SIZE,"<p>12 x 750 ml</p>
",,,,,,,,,,,,,,,,,
product_5b7d3c21-e11a-b261-648e-d91d58b5cd6d,Product,Cobble Hill Winery 2023 Estate Castel,"<p>Castel is a French-American hybrid of Cinsault x V. rupestris, sustainably farmed and estate-grown since its planting in 2006. This ""ink grade"" wine showcases an incredible depth of color, with an inky purple, nearly opaque midnight black hue. Castel underwent a 30% whole cluster fermentation to enrich the mid-palate structure, adding hints of black pepper to its complex profile. On the nose, dense layers of dark plums, freshly cracked black pepper, and a nostalgic hint of Flintstone vitamins invite you to indulge. The palate reveals sun-warmed blackberries, Santa Rosa plum, and clove, complemented by a dash of dark chocolate. This full-bodied wine offers a rich expression of ripe, hillside fruit, balanced acidity, and soft, well-integrated tannins, culminating in a long, complex finish.</p>",7c9ba4_195f569747d94365ac3b4449730b6c44~mv2.png,Cobble Hill Winery; Red; Vancouver Island; Wine,314399,,19.98,,false,PERCENT,0.0,OutOfStock,,,,,,,,,,,,,,,,,,,,,CASE SIZE,"<p>12 x 750 ml</p>
",,,,,,,,,,,,,,,,,
product_951742ac-c3c1-be4b-5817-df050db282e0,Product,Cobble Hill Winery 2023 Zweigelt,"<p>With a brilliant, star-bright clarity and a pale straw color with hints of green chartreuse at the edges, this Austrian variety&nbsp;thrives in our local microclimate, offering a vibrant blend of exotic aromas and flavors. The lush medium-deep ruby color with brilliant clarity beckons the eye, while the nose presents a spicy blend of pink and Szechuan peppercorns intertwined with enticing notes of blood orange and cranberry. On the palate, this fruit-forward and juicy wine bursts with tart cherry, pomegranate, blood orange, and spice. A lovely mid-palate texture, mouthwatering acidity, and moderately solid tannins lead to a long, intense finish with good intensity. Aged in a mix of neutral French oak and stainless steel, this wine's nuanced aromas and flavors are both enhanced and preserved.</p>",7c9ba4_e99892fa25e94480b48db705e0100264~mv2.png,Cobble Hill Winery; Vancouver Island; Rosé; Wine,314407,,19.98,,true,PERCENT,0.0,InStock,,,,,,,,,,,,,,,,,,,,,CASE SIZE,"<p>12 x 750 ml</p>
",,,,,,,,,,,,,,,,,
product_c37705c4-73af-db8c-7713-1b444bd8fc39,Product,"Cobble Hill Winery 2024 Pinot Gris ""Rouge""","<p>Our 2024&nbsp;Skin Fermented Pinot Gris is an intriguing and captivating wine. It sparkles with star-like clarity and a pale garnet hue. Featuring wild alpine strawberries, black raspberry, and struck flint, with a subtle hint of wild fennel and saffron on the nose. The palate opens with a snap of tart fruit, leading to the taste of Mirabelle plums grilled over hardwood coals, and finishes with lingering strawberries. Its refreshing acidity and a fine band of firm tannins create a balanced, light-bodied wine with good tension. Initially intended as a direct-press white wine, fate intervened, inspiring us to<br>showcase the beautiful color of the Pinot Gris grapes. The result is a stunning light red wine that fully captures the essence of the varietal.</p>",7c9ba4_5da64958f4194dd18f2f1b50d5d489f3~mv2.png,Cobble Hill Winery; Vancouver Island; White; Wine,314372,,19.98,,true,PERCENT,0.0,InStock,,20.0,,,,,,,,,,,,,,,,,,,CASE SIZE,"<p>12 x 750 ml</p>
",,,,,,,,,,,,,,,,,
product_6d422bd0-93b5-e4bf-7098-cc7dfda283c0,Product,Cobble Hill Winery 2022 Pinot Gris,"<p>Gently basket-pressed and fermented in stainless steel, this medium-bodied wine offers a harmonious acidity. In the glass, it shines with star-bright clarity and a medium straw hue touched with copper. The nose reveals light citrus notes mingled with honeysuckle, chamomile, and forest rain. On the palate, experience flavors of white peach, tart Granny Smith apple, and green almond, all supported by bright, snappy acidity and a crisp core. The finish is clean with a whisper of grape-skin<br>phenols.</p>",7c9ba4_0237256d04a14806a5e7906e2dcf2b4d~mv2.png,Cobble Hill Winery; Vancouver Island; White; Wine,314380,,18.63,,false,PERCENT,0.0,OutOfStock,,,,,,,,,,,,,,,,,,,,,CASE SIZE,"<p>12 x 750 ml</p>
",,,,,,,,,,,,,,,,,
product_00bd0376-7bdc-d50f-6c0f-ec33126a2cc8,Product,Cobble Hill Winery 2023 Kismet White Blend,"<p>With a brilliant, star-bright clarity and a pale straw color with hints of green chartreuse at the edges, Kismet captivates at first glance. The nose reveals tightly packed aromas of lime zest, citrus blossom, quince, and a touch of white peach, showcasing the vibrant Albariño, Sauvignon Blanc, Viognier, and Bacchus varietals.</p><p>&nbsp;</p><p>On the palate, experience lip-smacking acidity with flavors of key lime, mint, pineapple, and white ginger, creating a super racy, lean, and edgy profile. Bone dry and medium-light bodied, this wine has minerality for days, reflecting the cold climate, rocky soils laced with oyster shells, and nearby ocean mist.</p>",7c9ba4_5b78de1a306d46429a0e8f23d0144633~mv2.png,Cobble Hill Winery; Vancouver Island; White; Wine,314375,,23.31,,true,PERCENT,0.0,InStock,,,,,,,,,,,,,,,,,,,,,CASE SIZE,"<p>12 x 750 ml</p>
",,,,,,,,,,,,,,,,,
product_6bfae00d-9002-0707-11ff-fa76d39f1686,Product,"Unsworth N/V Ovation Fortified ""Port Style""","<p>Aged in a solera going back to 2009, Ovation is not too sweet while expressing bright red fruit flavours complemented by tawny notes of fig, chocolate, and coffee.</p><p>&nbsp;</p><p>Marechal Foch.&nbsp;&nbsp;Fortified to 19.2%</p>",02af16_2a91341308784fcbba606088e03903c3~mv2.jpg, Vancouver Island; Wine; Red;Unsworth Vineyards,49092,,21.98,,true,PERCENT,0.0,InStock,,,,,,,,,,,,,,,,,,,,,CASE SIZE,12 x 500 ml,,,,,,,,,,,,,,,,,Unsworth Vineyards
product_8b073362-be7c-36b2-81b7-0eab19bf14f3,Product,Odd Society Burns Bog Smoked Malt Whisky,"<p>Burns Bog is the largest raised peat bog in North America and home<br>to hundreds of plant, animal, and bird species, many of which are<br>endangered. Bogs around the world are also said to be home to<br>mysterious monsters, lights, and creatures, which lurk about, waiting<br>to prey upon unsuspecting travellers.<br>Through the Burns Bog Conservation Society, we were able to obtain<br>a limited amount of Burns Bog peat, which was used to smoke some<br>of the malt that went into making this spirit. The whisky is smooth<br>and smoky with hints of cacao and chocolate on the nose, rich burnt<br>caramel on the palate, and a long warm finish that welcomes you to<br>the world of Burns Bog.</p>",7c9ba4_cd32ba92ec5546c194f91ad21481580a~mv2.png, Spirits; Lower Mainland;Odd Society Spirits,274608,,67.7,,false,PERCENT,0.0,OutOfStock,,,,,,,,,,,,,,,,,,,,,CASE SIZE,"<p>6 x 750&nbsp;ml</p>
",,,,,,,,,,,,,,,,,Odd Society Spirits
product_42a36b94-61b4-d267-49b3-89586d4b95aa,Product,Odd Society Solera Barrel Gin,"<p>Solera Barrel Gin, is our Wallflower Gin aged in a 30-litre American white oak rye cask.&nbsp; Gin was added to this Solera Barrel over time and now ranges from 3 to 4.5 years old.&nbsp; &nbsp;Extra time spent in oak adds a rich, smooth texture, and elevates the woody spice notes. Strong citrus flavours are coupled with a surprising fruitiness, and plum notes are pleasingly integrated with vanilla.&nbsp;</p>",7c9ba4_9f31b780209b43c3b406dd116fb44bd8~mv2.png, Spirits; Lower Mainland;Odd Society Spirits,355566,,23.32,,false,PERCENT,0.0,OutOfStock,,,,,,,,,,,,,,,,,,,,,CASE SIZE,12 x 375 ml,,,,,,,,,,,,,,,,,Odd Society Spirits
product_6d655c02-3840-a8eb-29e4-fcf6afe585d8,Product,Emandare 2022 'Traditional Method' Blanc De Blancs,<table>	<tbody>		<tr>			<td>			<p>Primarily Chardonnay with a splash of Gewurztraminer for aromatics and rested on the lees for 12 months before disgorging a limited 10 cases for Christmas before we officially release the rest of it in the Spring. This bubbly is a crowd pleaser for any and all festive occasions. Apple and zesty citrus meets delicate floral notes as the tiny creamy bubbles dance across your palate and hint at sweet fresh brioche.&nbsp;</p>			</td>		</tr>	</tbody></table>,7c9ba4_92310869d09c4a798a6bc742de9dc0bd~mv2.png,Emandare Vineyard; White, 266797,,31.6,,true,PERCENT,0.0,InStock,,,,,,,,,,,,,,,,,,,,,CASE SIZE,12 x 750 ml,,,,,,,,,,,,,,,,,Emandare Vineyard
product_ee745524-f274-1bb9-d485-746f389dcc4b,Product,"Synchromesh 2023 Thorny Vines ""Dry"" Riesling","About a third of the way up the Naramata Bench with a Northern aspect, the Thorny Vines property is lovingly cared for by the Hornby-Smiths. Reaching into slightly richer loamy soils, these vines bring palate weight and a linear acidity not seen from our other properties.&nbsp; Citrus and mandarin explode on the nose leading to a very textured mouthfeel of tropical fruit and apple. A sweet kiss lifts the fruit until the Thorny Vines acidity wipes it clean to a nearly dry finish.",02af16_0e3e077855114fa59be5ae84da71941e~mv2.jpg, Okanagan; Wine; White;Synchromesh,439451,,23.0,,false,PERCENT,0.0,OutOfStock,,,,,,,,,,,,,,,,,,,,,CASE SIZE,12 x 750 ml,,,,,,,,,,,,,,,,,Synchromesh
product_a4530e1e-f0eb-98f5-8c48-ec4924368af0,Product,"2022 Storm Haven Blue Label ""Dry"" Riesling","<p>Synchromesh's only Riesling&nbsp;that sees time in barrel. It spent 12 months in a neutral French oak puncheon, on the lees, to develop further texture.</p>",7c9ba4_41b1dcaa454e43b997575889f85e16d1~mv2.png, Okanagan; Wine; White;Synchromesh,58402,,30.0,,false,PERCENT,0.0,OutOfStock,,,,,,,,,,,,,,,,,,,,,CASE SIZE,12 x 750 ml,,,,,,,,,,,,,,,,,Synchromesh
product_8bd04c33-a01e-77f5-1fe5-ebfac1604afa,Product,Salt Spring Wild Pineapple Guava  - 355 ml,"<p>A gently sweet cider made with culinary apples and fresh pineapple and guava juice. Unfiltered, so expect a little pulp and a lot of flavour. 6.2% ABV (4 pack of 355 ml cans)</p>",7c9ba4_d16e9f6eb36d44e59dce69093a6de167~mv2.png, Gulf Islands; Cider;Salt Spring Wild Cider House,326556,,4.55,,true,PERCENT,0.0,OutOfStock,,,,,,,,,,,,,,,,,,,,,CASE SIZE,1 x 355 ml,,,,,,,,,,,,,,,,,Salt Spring Wild Cider House
product_d8645ebe-ee8d-986d-3fe0-7b5059dc9445,Product,Odd Society Mushroom Whisky 375 ml,"<p>PORCINI &amp; CANDY CAP CANADIAN SINGLE MALT WHISKY</p><p>This whisky began as a community collaboration project with friends and neighbours. The innovation and success that it had meant it was important that we continue to produce this unique whisky. Porcini</p><p>and candy cap mushrooms are now in season, sourced by David Xiao of Oyster &amp; King.</p><p>The nose gives you a mossy meadow, sweet earth, and savoury maple. The rich mouthfeel includes hints of browned butter, toasted almonds, burnt caramel, ending with a long, sweet, mushroom umami finish.</p><p>Enjoy neat, on ice or in a autumn Old Fashioned.</p><p>Order P&amp;CC Canadian Single Malt Whisky direct delivery only Order desk: orderdesk@oddsocietyspirits.com</p><p>Orders can also be placed with your local reps.</p><p>Price: $33.45 SKU: 405611</p><p>Bottle size: 375 ml</p><p></p><p>Odd Society is a small-batch craft distillery in the heart of East Vancouver, dedicated to combining old-world distilling traditions with new-world ingredients and ingenuity to create a family of spirits that intrigue and entice.</p>",9a5bba_05da2117bd7a47f593a0da8b57b68af4~mv2.webp, Spirits; Lower Mainland;Odd Society Spirits,405611,SOLD OUT,33.45,,false,PERCENT,0.0,OutOfStock,,,,,,,,,,,,,,,,,,,,,CASE SIZE,12 x 375 ml,,,,,,,,,,,,,,,,,Odd Society Spirits
product_e13a0c52-292c-412e-5d9b-d51e40234b05,Product,Synchromesh Paddle Shift Riesling Spritzer 24 pack,"<p>This wine contains a little bit of fruit from each property we farm for Riesling, brought together with a light soda spritz to make the ultimate mid-week companion… or anytime.</p><p>Very slightly off-dry with refreshing acidity bubbling across the finish.</p><p>250 ml cans<br>24 units per flat</p>",02af16_fd8b91ba857a450b8363319b45a44f92~mv2.png, Okanagan; Wine; White;Synchromesh,382372,,5.5,,false,PERCENT,0.0,OutOfStock,,,,,,,,,,,,,,,,,,,,,CASE SIZE,"<p>24 x 250 ml</p>
",,,,,,,,,,,,,,,,,Synchromesh
product_149affe7-8ee6-eaf7-2bc3-c007a21cbeeb,Product,Salt Spring Wild Wild Pear and Quince,"<p>Made with hand foraged Salt Spring Island wild seed pears, tannic cider pears, Asian pears, and quince. Cold fermented using native yeast, then bottle conditioned to carbonate. Gently sweet due to the natural residual sugar from the pears. It's a somewhat juicy cider that pours cloudy, very fragrant with notes of melon, white pepper, and Manuka honey.""</p>",7c9ba4_7ce28ff717294c3f9512b12e1a7f3507~mv2.png, Gulf Islands; Cider;Salt Spring Wild Cider House,474616,,16.0,,true,PERCENT,0.0,InStock,,,,,,,,,,,,,,,,,,,,,CASE SIZE,12 x 750 ml,,,,,,,,,,,,,,,,,Salt Spring Wild Cider House
product_b35ad543-43be-0ba7-69ac-8189551d2594,Product,Salt Spring Wild Pineapple Guava - Keg,"<p>A tropical vacation in a glass. A gently sweet cider made with pesticide-free culinary apples, fresh pineapple and guava juice.</p>",02af16_b7ee7ef2290e4cc4a31dac2157017ea8~mv2.png, Keg; Gulf Islands; Cider;Salt Spring Wild Cider House,326549,,180.0,,false,PERCENT,0.0,OutOfStock,,,,,,,,,,,,,,,,,,,,,CASE SIZE,1 x 20 litre,,,,,,,,,,,,,,,,,Salt Spring Wild Cider House
product_e2295dc0-b9e6-83d5-c751-db79f0a3735b,Product,Ones Sparkling Sauvignon Blanc 750 ml,"<p>Appellation: Okanagan Valley, Canada</p><p>Grapes: Chardonnay</p><p>Nutrition: 0 grams sugar, 0 grams carbohydrates</p><p>Alcohol: &lt;0.5%</p><p>Calories: 18 calories/glass</p>",9a5bba_3764afaf33914f618f7b4e07dc91042b~mv2.jpg, Okanagan; Wine; Sparkling,628942937828,SALE,17.5,,false,PERCENT,0.0,OutOfStock,,,,,,,,,,,,,,,,,,,,,CASE SIZE,12 x 750 ml,,,,,,,,,,,,,,,,,Ones
product_2512d2b3-b6ab-eb9a-489f-18509d76d734,Product,"Unsworth 2023 Allegro ""Island White Blend"" Keg","<p>Aromas of ripe peach, green papaya, and soft floral notes on the nose, which leads to a bright mid palate and refreshing length. This unique and hyperlocal blend of Petit Milo and Sauvignette is a true Vancouver Island hallmark.</p>",02af16_2e760458efff47c193aa7b22a387d45e~mv2.png, Vancouver Island; White;Unsworth Vineyards; Keg; Wine,036082,,431.74,,true,PERCENT,0.0,InStock,,,,,,,,,,,,,,,,,,,,,CASE SIZE,"<p>1 x 20 litre</p>
",,,,,,,,,,,,,,,,,
10808,Product,1 Mill Road 2023 Chardonnay,"<p>This wine is produced from one of Naramata’s oldest vineyards and is certified&nbsp; sustainable. Planted in 1998, with unknown clones, these self-rooted vines grow and thrive in largely un-disturbed soils with no contouring or disruption.</p><p>The grapes were hand-picked and whole bunch pressed almost immediately after picking. The juice was then transferred directly to French oak puncheons and barriques (34% new) and barrelled on full solids. At the completion of primary fermentation, sulphur was added to ensure that malolactic fermentation did not<br>occur. The barrels were stirred every 3-4 weeks with minimal ullage on the ferment lees. The wine aged in barrel for nine months before blending, gentle filtering, and bottling.</p>",7c9ba4_ca70f36309a94031ade247e307b0ce4a~mv2.png, White; Wine; Okanagan;1 Mill Road,239702,,36.97,,false,PERCENT,0.0,OutOfStock,,,,,,,,,,,,,,,,,,,,,CASE SIZE,12 x 750 ml,,,,,,,,,,,,,,,,,1 Mill Road
10810,Product,1 Mill Road 2023 Pinot Noir Rosé,"This Pinot Noir Rosé is make from grapes grown on the East Kelowna Slopes, on of BC's newest Sub-GI's.Vibrant pale salmon in appearance, expressing a delicate and floral nose with aromas of rose petals, orange peel, white pepper, and sea spray.The palate is refreshing with savoury notes and an acid line that balances this wine's subtle fruit sweetness.  A chalky undertone creates a rounding cadence on the palate.  The finish is intriguing, refined and bone dry with great persistance.",02af16_6ef112b1a09b434ba37f43748198f19d~mv2.png, Rosé; Wine; Okanagan;1 Mill Road,300839,,29.98,,false,PERCENT,0.0,OutOfStock,,,,,,,,,,,,,,,,,,,,,CASE SIZE,12 x 750 ml,,,,,,,,,,,,,,,,,1 Mill Road
10788,Product,1 Mill Road 2022 Home Block Pinot Noir,"Grown on the Okanagan Valley’s heavier silty soils of the Naramata Bench, this vineyard site maximizes southwest exposure and the close proximity to Okanagan Lake allows for long days and a long growing season. Handpicked and hand sorted, the grapes are fermented and aged in beautiful wooden French oak tanks in the Naramata Wine Vault.",02af16_ad5d0d9981b54f689658cebaf7ac301b~mv2.png, Red; Wine; Okanagan;1 Mill Road,327893,,44.97,,false,PERCENT,0.0,OutOfStock,,,,,,,,,,,,,,,,,,,,,CASE SIZE,12 x 750 ml,,,,,,,,,,,,,,,,,1 Mill Road
10806,Product,1 Mill Road 2022 Black Pine Pinot Noir,"Produced from Black Pine Vineyard, a 4-acre slice of paradise on the Naramata Bench. The Pinot Noir portion of the vineyard is planted to clones 667, 777, 115 and Pommard.A bright ruby colour that is lifted and fragrant on the nose, with a ripe sense of red fruits – dusty cherries, fresh cranberries and overripe strawberries. Swirling brings changes of complexity, with brown cardamom-like spices, crushed gravel and a light herbal edge from the whole bunch fermentation. The palate exudes the above fruit flavours, with a noticeable, youthful density, all wrapped in dusty, fine, savoury tannins with brightness in acidity that drives line and length.",02af16_a2552ad77c1c490abf56d748468d4052~mv2.png, Red; Wine; Okanagan;1 Mill Road,327888,,38.98,,false,PERCENT,0.0,OutOfStock,,,,,,,,,,,,,,,,,,,,,CASE SIZE,12 x 750 ml,,,,,,,,,,,,,,,,,1 Mill Road
1462,Product,"Anthony Buchanan 2022 Pinot Blanc ""Lawson""","No skin contact at all, so pure and fresh, just the most aromatic expression of Pinot Blanc.
Asian pear, ripe apple skin, citrus candy on the nose.  This wine is well structured, balanced and juicy with medium texture on the mid palate and long delicate finish.",02af16_2472cb16d31041f98072e8e9a2555af6~mv2.png, White; Wine; Okanagan;Anthony Buchanan Wines,860957,SOLD OUT,18.0,,false,PERCENT,0.0,OutOfStock,,,,,,,,,,,,,,,,,,,,,CASE SIZE,12 x 750 ml,,,,,,,,,,,,,,,,,Anthony Buchanan Wines
8444,Product,Anthony Buchanan 2022 Piquette Blanc,"No sulfur added this is a little funkier than the past three vintages, if you like low intervention wines, this is for you. 
It’s only 6% alcohol, almost like a sour beer; maybe try it as a breakfast or brunch wine. 
There’s a little spritz on it, with some honeyed slightly reductive notes. Orange popsicle. Earthy funkiness. Yeasty - leesy.",02af16_abffad1fdf3248bfb73651d01aa01b04~mv2.png, White; Wine; Okanagan;Anthony Buchanan Wines,48523,,15.99,,false,PERCENT,0.0,OutOfStock,,,,,,,,,,,,,,,,,,,,,CASE SIZE,12 x 750 ml,,,,,,,,,,,,,,,,,Anthony Buchanan Wines
4834,Product,Anthony Buchanan 2023 Chardonnay Barrel Ferment,"<p>100% Chardonnay grown on the estate vineyard in Kaledan, BC.</p><p>&nbsp;</p><p>Whole cluster pressed with a gentle press cycle to ensure the highest quality of juice. Left to rest on light lees for 9 months before being bottled unfined and unfiltered.</p><p>&nbsp;</p><p>Tropical notes of pineapple, white peach and citrus on the nose with hints of<br>toasted bread , butter and apple. The palate is full and textured with bright<br>juicy acidity. A beautiful classic wine.</p>",7c9ba4_cc4f4ce58b774230b5ff8b3dc0e047e0~mv2.png, White; Wine; Okanagan;Anthony Buchanan Wines,422654,,24.01,,false,PERCENT,0.0,OutOfStock,,,,,,,,,,,,,,,,,,,,,CASE SIZE,12 x 750 ml,Estate ,"<p>Vineyard</p><p>Origin: Estate Vineyard Kaleden BC, Organic (Not Certified)</p><p>Age: 33 plus</p><p>Yield: 3 tons/acre</p><p>Varietal: 100% Chardonnay</p><p>Orientation: Southeast</p><p>Soil: Sand, Silt</p><p>Harvest: Hand harvest September, 20, 2023</p><p>Cellar</p><p>Crush pad: whole cluster press</p><p>Fermentation: Spontaneous in a 1200 litre oak cask</p><p>Malolactic: Yes, natural bacteria</p><p>Aging: nine months on light lees in cask, lees stirring during malo</p><p>Bottling: August 21, 2024</p><p>Production: Limited to 130 cases</p><p>Wine Spec</p><p>Alcohol: 13.2%</p><p>Acid: 6.69g/1</p><p>Re</p>",,,,,,,,,,,,,,,Anthony Buchanan Wines
1460,Product,Anthony Buchanan 2019 Wild Ferment Brut Méthod Ancestrale,,02af16_133fb17230d54a2597e722a130b8144e~mv2.png, White; Wine; Okanagan;Anthony Buchanan Wines,237011,,23.03,,false,PERCENT,0.0,OutOfStock,,,,,,,,,,,,,,,,,,,,,CASE SIZE,12 x 750 ml,,,,,,,,,,,,,,,,,Anthony Buchanan Wines
1464,Product,Anthony Buchanan 2022 Viognier,"Perfumed aromas of peach, mango and orange blossom.  A textured, bright mid palate of preserved lemon reduction with flecks of herbal notes make this a classic cool climate Viognier.
Sustainably farmed from Mahli Farms, Oliver",02af16_40330b0b487d49799194ccd01889dbac~mv2.png, White; Wine; Okanagan;Anthony Buchanan Wines,13403,,19.97,,false,PERCENT,0.0,OutOfStock,,,,,,,,,,,,,,,,,,,,,CASE SIZE,12 x 750 ml,,,,,,,,,,,,,,,,,Anthony Buchanan Wines
1470,Product,Anthony Buchanan 2023 Trois Orange,"<p>Vineyard</p><p>Origin: Estate Vineyard Kaleden, St.Hubertus Vineyard Kelowna</p><p>Varietal: 84% Gewurztraminer, 12% Pinot Gris, 4% Pinot Blanc</p><p>&nbsp;</p><p>Cellar</p><p>Crush pad: Destem whole berry to open top tanks, a small portion of Gew</p><p>Was fermented whole cluster (semi-carbonic).</p><p>Fermentation: Wild yeast, 4 weeks on skins, foot tread twice per day</p><p>Malolactic: Yes, natural bacteria</p><p>Aging: 9 months in 59% Amphora, 22% Neutral Oak, 19% Concrete</p><p>&nbsp;</p><p>Lively notes of tea leaf, mango, guava and ripe kiwi fruit from start to finish. The core of the wine has depth with intense fruit, character and a bit of grip from the whole cluster portion. The finish is bright, long and juicy.</p>",7c9ba4_223ca3c537204e9b87cf60136b313635~mv2.png, White; Wine; Okanagan;Anthony Buchanan Wines,176501,SOLD OUT,24.05,,false,PERCENT,0.0,OutOfStock,,,,,,,,,,,,,,,,,,,,,CASE SIZE,12 x 750 ml,,,,,,,,,,,,,,,,,Anthony Buchanan Wines
4435,Product,Anthony Buchanan 2021 Grape Apple Dandelion,"Made from Braeburn and Pink Lady apples, spending 2 weeks macerating before being mashed, pressed, and fermented in neutral oak. Blended with hand-harvested chardonnay and a touch of organic dandelion rounds out what is sure to be the most unique but delightful wine of the summer!
Fresh, textured, with a lovely honeyed apricot note from the skin-ferment Viognier, I love how hand crafted this wine feels. The Chardonnay musqué brings beautiful aromatics.
12% ABV",02af16_5d4aa7e82eda4bf4a977d78abf15945f~mv2.png, White; Wine; Okanagan;Anthony Buchanan Wines,48541,,18.99,,false,PERCENT,0.0,OutOfStock,,,,,,,,,,,,,,,,,,,,,CASE SIZE,12 x 750 ml,,,,,,,,,,,,,,,,,Anthony Buchanan Wines
1472,Product,Anthony Buchanan 2022 SNAFU,"48% Gewurztraminer, 24% Pinot Blanc, 16% Sauvignon Blanc, 12% Chardonnay Musqué.Aging: 9 months in 60% Neutral Oak, 24% Amphora, 16% New French OakDistinctive aromas of spice/ginger, stone fruit and honey. Floral, peach skin and apple with mineral undertones lead through the palate creating texture and freshness.",02af16_6b28ddfaa0ef4ed082184785d7137d1a~mv2.png, White; Wine; Okanagan;Anthony Buchanan Wines,98960,,23.9,,true,PERCENT,0.0,InStock,,,,,,,,,,,,,,,,,,,,,CASE SIZE,12 x 750 ml,,,,,,,,,,,,,,,,,Anthony Buchanan Wines
3752,Product,Anthony Buchanan 2022 Ramato Gris,"In Northeast Italy they make a style of wine from their Pinot Grigio grapes called ‘Ramato’; the grapes are crushed, then spend time on the skins to gain texture and a gorgeous copper colour.Pinot Gris left on its skins for 72 hours and then fermented in Amphora. The Gew was in 100% concrete. No neutral oak this year at all, so that mineral-y, slate characteristic is more evident. It’s a little lighter in colour but still has those beautiful rose petals on the nose.Rose and lavender, with hints of citrus and orange peel dominate the nose leading to fennel and jasmine with flecks of melon rind on the palate. The wine is lively and finishes with fresh crisp acidity.",02af16_1968c16fab6844ca8c8c2579fba47d29~mv2.png, White; Wine; Okanagan;Anthony Buchanan Wines,416178,,23.0,,false,PERCENT,0.0,OutOfStock,,,,,,,,,,,,,,,,,,,,,CASE SIZE,12 x 750 ml,,,,,,,,,,,,,,,,,Anthony Buchanan Wines
4437,Product,Anthony Buchanan 2021 Riesling Amphora,"Brand-new amphora and skin fermented for nine days. I really like mineral-driven wines, especially Riesling; for me it’s their stand-out trait. The amphora keeps that purity of fruit and brings an earthy component to this wonderfully textural wine that I think will age well. Expect lemon rind, grapefruit, notes of gun flint and jasmine.
12% ABV",02af16_f7954731684447a5b8d9b0af76764fc8~mv2.png, White; Wine; Okanagan;Anthony Buchanan Wines,422662,,24.01,,false,PERCENT,0.0,OutOfStock,,,,,,,,,,,,,,,,,,,,,CASE SIZE,12 x 750 ml,,,,,,,,,,,,,,,,,Anthony Buchanan Wines
8440,Product,Anthony Buchanan 2021 Viognier Micro Cuvée,"100% Viognier, single vineyard, from Malhi Farm in Oliver, BC. Direct pressed, wild barrel ferment. 12 months on lees.
Grilled pineapple, orange peel &amp; toast, fleshy &amp; textured with a juicy bite of acid that will coat the palate.",02af16_9f418b82eac84eb8904e961807c3f1ae~mv2.png, White; Wine; Okanagan;Anthony Buchanan Wines,459345,,24.65,,false,PERCENT,0.0,OutOfStock,,,,,,,,,,,,,,,,,,,,,CASE SIZE,12 x 750 ml,,,,,,,,,,,,,,,,,Anthony Buchanan Wines
10159,Product,Anthony Buchanan 2022 Petillant Naturel Muscat,"On the crush pad, grapes were foot stomped prior to pressing. Spontaneous fermentation in stainless steel.  Aged 4 months in bottle.Honeysuckle, Asian pear and a cantaloupe melon note up front. Balanced acidity and a creamy textured mid-palate compliment the persistent bubbles.",02af16_133fb17230d54a2597e722a130b8144e~mv2.png, White; Wine; Okanagan;Anthony Buchanan Wines,48606,,25.96,,false,PERCENT,0.0,OutOfStock,,,,,,,,,,,,,,,,,,,,,CASE SIZE,12 x 750 ml,,,,,,,,,,,,,,,,,Anthony Buchanan Wines
10373,Product,Anthony Buchanan 2022 Semillon,"The Semillon came in first and sat on the skins for 72 hours, lightly foot trod and then pressed to neutral barrels with some lees stirring through malolactic fermentation. The Sauvignon Blanc had a two week skin ferment and fermented in stainless steel.  
Classic Semillon with notes of guava, lemon, and beeswax. Aromatic and creamy and the Sauvignon Blanc brings  passionfruit and hay on the nose.",02af16_3b4ad3d9adec404f8fbcc5aab2517bd8~mv2.png, White; Wine; Okanagan;Anthony Buchanan Wines,176613,,18.0,,false,PERCENT,0.0,OutOfStock,,,,,,,,,,,,,,,,,,,,,CASE SIZE,12 x 750 ml,,,,,,,,,,,,,,,,,Anthony Buchanan Wines
11383,Product,Anthony Buchanan 2023 Pinot Gris,"100% Pinot Gris from Anthony Buchanan's organic vineyard.  Whole cluster, spontaneous fermentation in 57% Barrel and 43% Stainless steel. Ripe aromas of nectarine, mango, pear and citrus. The palate is fresh, honeyed and full of energy with a long intense finish.",02af16_0ae24beddda14996ab567d49f42fe83d~mv2.png, White; Wine; Okanagan;Anthony Buchanan Wines,359925,,17.99,,false,PERCENT,0.0,OutOfStock,,,,,,,,,,,,,,,,,,,,,CASE SIZE,12 x 750 ml,,,,,,,,,,,,,,,,,Anthony Buchanan Wines
3863,Product,Anthony Buchanan 2020 Malbec Rosé Keg,"The Malbec for this deeper hued rosé comes from Gurjeet Vineyard, Osoyoos, from 12 year old vines on gravel, sandy loams.
Partial carbonic, partial direct press, with a native ferment in neutral barrel and stainless, with 4.5 months on lees prior to bottling without filtration.
Juicy candied strawberries, raspberries, cherry gummies flood the medium bodied palate, seasoned with fine spicing and finishing with a tart blackcurrant note, balanced off with a slight bump of RS.",02af16_b7ee7ef2290e4cc4a31dac2157017ea8~mv2.png, Rosé; Wine; Okanagan;Anthony Buchanan Wines,413805,,375.0,,false,PERCENT,0.0,OutOfStock,,,,,,,,,,,,,,,,,,,,,CASE SIZE,1 x 19.5 litre,,,,,,,,,,,,,,,,,Anthony Buchanan Wines
1474,Product,Anthony Buchanan 2022 FUBAR,"39% Pinot Noir, 36% Gamay, 15% Syrah, 6% Merlot, 4% Pinot Blanc
Aging: 9 months in Barrel, 65% Neutral, 15% third fill, 10% Amphora, 10% New French
A fruit explosion on the nose of ripe cherry, raspberry and plum lead to slightly darker fruit on the palate. There’s a cool candy cane (menthol/mint) element to the wine which is compelling. Silky, fresh and pure!",02af16_d0a5053ce6ab4be1873086a135e9934d~mv2.png, Red; Wine; Okanagan;Anthony Buchanan Wines,98979,SOLD OUT,24.89,,false,PERCENT,0.0,OutOfStock,,,,,,,,,,,,,,,,,,,,,CASE SIZE,12 x 750 ml,,,,,,,,,,,,,,,,,Anthony Buchanan Wines
1475,Product,Anthony Buchanan 2020 Gamay Semi-Carbonic,,02af16_bab99e8426794acea93e912b7c8c7346~mv2.png, Red; Wine; Okanagan;Anthony Buchanan Wines,13400,,19.99,,false,PERCENT,0.0,OutOfStock,,,,,,,,,,,,,,,,,,,,,CASE SIZE,12 x 750 ml,,,,,,,,,,,,,,,,,Anthony Buchanan Wines
1477,Product,Anthony Buchanan 2023 Pinot Noir Ashlyn,"<p>Organically farmed at Horak Vineyard in Cawston, BC.&nbsp; &nbsp;</p><p>Destemmed, no crushing in open top tanks.&nbsp; Spontaneous fermentation.&nbsp;</p><p>Aged 10 months in 10% New French, 15% Concrete and&nbsp;75% Neutral Oak</p><p>No Fining or Filtration</p>",7c9ba4_0ffce1740c604561a78d44ceab427589~mv2.png, Red; Wine; Okanagan;Anthony Buchanan Wines,572966,,28.71,,false,PERCENT,0.0,OutOfStock,,,,,,,,,,,,,,,,,,,,,CASE SIZE,12 x 750 ml,,,,,,,,,,,,,,,,,Anthony Buchanan Wines
1479,Product,Anthony Buchanan 2022 Syrah William Dean,"<p>From the Testalinden Vineyard in Oliver, BC. 50% whole cluster and 50% Destemmed. Fermented in open tanks. Aged 12 months in Hungarian, French &amp; Neutral Oak. Wild blueberries, plums and fresh cracked peppercorns. Notes of violets and earth. Limited supply.</p>",02af16_7666e7d7b2fe4240a9cbdfd0170c9c5c~mv2.png, Red; Wine; Okanagan;Anthony Buchanan Wines,193918,SOLD OUT,28.71,,false,PERCENT,0.0,OutOfStock,,,,,,,,,,,,,,,,,,,,,CASE SIZE,12 x 750 ml,,,,,,,,,,,,,,,,,Anthony Buchanan Wines
3751,Product,Anthony Buchanan 2022 Gamay Noir,"100% Gamay Noir 
Two tanks were done as semi-carbonic ferments, everything else de-stemmed, no crushing.  Seven days on the skins then pressed off to tank.  Racked to 95% neutral, 5% French oak.
Lush, bright and red fruit driven. Candied red berries, dark cherry and pomegranate coat the mouth while the natural acidity will quench the palate.
Best served chilled.",02af16_240a4dbef8fe43319244b0352b8ab661~mv2.png, Red; Wine; Okanagan;Anthony Buchanan Wines,48609,,19.99,,false,PERCENT,0.0,OutOfStock,,,,,,,,,,,,,,,,,,,,,CASE SIZE,12 x 750 ml,,,,,,,,,,,,,,,,,Anthony Buchanan Wines
4832,Product,Anthony Buchanan 2021 Zweigelt,"Co-fermented with 14% Viognier. Foot trod, twice-daily for a week on the skins, settled for 48 hours, then 6.5 months in a 500L puncheon. Direct bottled from the barrel.
Big aromatic punch of black fruits, wild herbs, licorice and cherry blossom. Bright, tart and fresh with fine silky tannins compliment the long finish.
12% ABV",02af16_cdfe9c41a6164525a6cd13c3bfa98a26~mv2.png, Red; Wine; Okanagan;Anthony Buchanan Wines,422670,,25.0,,false,PERCENT,0.0,OutOfStock,,,,,,,,,,,,,,,,,,,,,CASE SIZE,12 x 750 ml,,,,,,,,,,,,,,,,,Anthony Buchanan Wines
8446,Product,Anthony Buchanan 2022 Petit Verdot Ancestrale,"100% Petit Verdot de-stemmed, whole berry, 11 day maceration, pressed off to stainless.
Fizzy aromas of raspberry, plum skin and black cherry seduction evoke clean savoury notes of stone fruit and rose/violet accents.",02af16_db92848f06534269a76721e8d4786e4a~mv2.png, Red; Wine; Okanagan;Anthony Buchanan Wines,324924,,26.0,,false,PERCENT,0.0,OutOfStock,,,,,,,,,,,,,,,,,,,,,CASE SIZE,12 x 750 ml,,,,,,,,,,,,,,,,,Anthony Buchanan Wines
10743,Product,Anthony Buchanan 2022 FOMO,"60% Gamay, 30% Syrah, 6% Pinot Noir, 4% Sauvignon Blanc
Aging: 9 months in 47% Second fill French Oak, 42% Second fill Hungarian Oak, 7% Fourth fill French Oak, 4% Stainless barrels
Silky red and black fruits reminiscent of red and black cherries, black pepper and earth. Light and refreshing with juicy acidity.",02af16_1b6eeb1d11dd40e28cf7406158f60ac1~mv2.jpeg, Red; Wine; Okanagan;Anthony Buchanan Wines,372477,,23.91,,false,PERCENT,0.0,OutOfStock,,,,,,,,,,,,,,,,,,,,,CASE SIZE,12 x 750 ml,,,,,,,,,,,,,,,,,Anthony Buchanan Wines
11114,Product,Cannon Estate Jouissance 2022,"<p>High Premium Burgundy-style Chardonnay Blend</p><p>&nbsp;</p><p>&nbsp;</p><p>Notes of Walnut, Orange Blossom, Honey, Toast, Vanilla</p>",02af16_dceb9108e9fd4dc29a1e10dd4adbe8e7~mv2.png, White;Cannon Estate Winery; Wine; Lower Mainland,305935,,19.21,,true,PERCENT,0.0,InStock,,,,,,,,,,,,,,,,,,,,,CASE SIZE,12 x 750 ml,,,,,,,,,,,,,,,,,Cannon Estate Winery
11123,Product,Cannon Estate Bonhomous White 2021,"<p>Sancerre-Style Sauvignon Blanc Blend</p><p>&nbsp;</p><p>Notes of Crisp Apple, White Peach, Citrus Blossom, Lime Zest</p><p>&nbsp;</p>",02af16_dc4d57a0c0274288b27cf5b8ad6ca933~mv2.png, White;Cannon Estate Winery; Wine; Lower Mainland,305929,,16.89,,true,PERCENT,0.0,InStock,,,,,,,,,,,,,,,,,,,,,CASE SIZE,12 x 750 ml,,,,,,,,,,,,,,,,,Cannon Estate Winery
11133,Product,Cannon Estate Wick Mover/Shaker White,"<p>Pinot Gris, Sovereign Opal and Madeleine Angevine Blend</p><p>&nbsp;</p><p>Passion Fruit, Pineapple, Apple Blossom, Meyer Lemon</p>",02af16_9a497e24c5c947bd84756decdc68fae2~mv2.png, White;Cannon Estate Winery; Wine; Lower Mainland,305926,,13.85,,true,PERCENT,0.0,InStock,,,,,,,,,,,,,,,,,,,,,CASE SIZE,12 x 750 ml,,,,,,,,,,,,,,,,,Cannon Estate Winery
11155,Product,Cannon Estate Wick Zoom Zoom 2022,"<p>Riesling, Sovereign Opal, Pinot Blanc</p><p>&nbsp;</p><p>Linden Flower, Fennel, Gunflint, Stone Fruit, Citrus Zest</p>",02af16_b798726a90944da2983f9c10b435c50e~mv2.png, White;Cannon Estate Winery; Wine; Lower Mainland,305923,,13.85,,true,PERCENT,0.0,InStock,,,,,,,,,,,,,,,,,,,,,CASE SIZE,12 x 750 ml,,,,,,,,,,,,,,,,,Cannon Estate Winery
11168,Product,Cannon Estate Pondéré White 2022,"Pondéré was produced by using techniques traditionally practiced in the Alsace region of France. It is comprised of a blend of four varietals, primarily Muscat and Petite Milo. This wine was created with a balance of freshness and volume in mind.75% of grapes came from our herbicide-free vineyard. The other 25% were sourced from different vineyards in Oliver and KelownaAgeing - In order to increase the complexity and the volume of the wine, we aged part of the wine in barrel for six months (70% new oak, medium toast) and one month in bottle.Simplified Tasting Notes - Candied Orange, Apricot, Green Pineapple, Grapefruit  It contains nuanced aromas of candied orange, white flower, apricot and pear. The palate is dry with nice volume and notes of apricot and pineapple. The finish is fresh with notes of minerality and ruby grapefruit.Varietals - Complex blend of four varietals, primarily Muscat and Petite Milo12.5% alc./vol.",02af16_818726e3de64473d98fb11114f36f722~mv2.png, White;Cannon Estate Winery; Wine; Lower Mainland,305944,,16.89,,true,PERCENT,0.0,InStock,,,,,,,,,,,,,,,,,,,,,CASE SIZE,12 x 750 ml,,,,,,,,,,,,,,,,,Cannon Estate Winery
11170,Product,Cannon Estate Allégresse 2021,"Allégresse was produced by using techniques practiced in the Burgundy region of France. Containing mostly Chardonnay, this wine has pronounced aromas of white flower, apple and acacia honey. The palate is met with beautiful volume, toast and grapefruit. The long finish of minerality is complimented by lemon and vanilla.This year, because of the young age of our vineyard, only 50% came from our vineyard (no herbicide and only organic spray products). The other part came from different vineyards in Oliver and Kelowna.Ageing - This year, because of the vintage, Allégresse was aged for 10 months in barrel (30% new French oak) and for 2 months in bottle before release.Simplified Tasting Notes - White Flower, Green Apple, Acacia Honey, GrapefruitVarietals - A complex blend mainly consisting of Chardonnay.12.5% alc./vol.",02af16_dfb4661f991c464f9ab5b5606362be49~mv2.png, White;Cannon Estate Winery; Wine; Lower Mainland,444714,,23.05,,false,PERCENT,0.0,OutOfStock,,,,,,,,,,,,,,,,,,,,,CASE SIZE,12 x 750 ml,,,,,,,,,,,,,,,,,Cannon Estate Winery
11174,Product,Cannon Estate The Wick Buckle Up White Cans 250 ml,"The Wick ""Buckle Up"" White is a blend of Pinot Gris and Gewürztraminer 11.5% ABV",02af16_be1ee0c55c8f4fb49d863071bf8f9664~mv2.png, White;Cannon Estate Winery; Wine; Lower Mainland,254514,,5.29,,false,PERCENT,0.0,OutOfStock,,,,,,,,,,,,,,,,,,,,,CASE SIZE,24 x 250 ml,,,,,,,,,,,,,,,,,Cannon Estate Winery
11125,Product,Cannon Estate Rêverie Rose 2022,"Rêverie was produced by using techniques traditionally practiced in the Provence region of France. Comprised mainly of Syrah and Merlot, this wine is elegant, aromatic, well balanced and refreshing. A powerful, yet balanced nose of wild strawberry, orange blossom and citrus continue through to the dry palate with added notes of apple and more strawberry. A medium bodied rosé with a long and fresh finish.Due to the young age of our vineyard, these grapes were sourced from Oliver, Osoyoos and Kelowna.Ageing - This year, we aged part of the wine in barrel for three months (30% old barrel) and one month in bottle.Simplified Tasting Notes - Orange Blossom, Green Apple, Wild Strawberry, LemonVarietals - Complex blend of four varietals, mainly Syrah12% alc./vol.",02af16_2a7bd3d7335f4e68bf24578450e8f4e4~mv2.png,Cannon Estate Winery; Rosé; Wine; Lower Mainland,305907,,16.89,,true,PERCENT,0.0,InStock,,,,,,,,,,,,,,,,,,,,,CASE SIZE,12 x 750 ml,,,,,,,,,,,,,,,,,Cannon Estate Winery
11176,Product,Cannon Estate The Wick Buckle Up Rosé Cans 250 ml,"The Wick ""Buckle Up"" Rosé Wine is a blend of Gamay Noir and Pinot Noir11.5% ABV",02af16_481ff3889eec40a0a674a84b5f2c9b58~mv2.png,Cannon Estate Winery; Rosé; Wine; Lower Mainland,254511,,5.29,,false,PERCENT,0.0,InStock,,,,,,,,,,,,,,,,,,,,,CASE SIZE,24 x 250 ml,,,,,,,,,,,,,,,,,Cannon Estate Winery
11127,Product,Cannon Estate Wick Highflier Rosé 2022,"Highflier was created by combining New World and Old World wine making techniques. This wine is a pure expression of our Winemaker's creativity, resulting in an exceptionally aromatic, clear rosé with distinct freshness. With aromas of ripe muscat, honeysuckle and apple on the nose that continue through to the palate with added notes of candy, marshmallow and raspberry. The finish is crisp and citrusy.Due to the young age of our vineyard, these grapes were sourced from Kelowna and Osoyoos.Ageing - This wine was aged in tank to maintain freshness and the delicate aromatic fruitiness and colour of the wine.Simplified Tasting Notes - Honeysuckle, Raspberry, Toasted MarshmallowVarietals - The main variatel, a Winemaker's secret, with a hint of Syrah and Merlot12% alc./vol.",02af16_a129dff287714c94881df5e66deaeff8~mv2.png,Cannon Estate Winery; Rosé; Wine; Lower Mainland,305910,,13.85,,true,PERCENT,0.0,InStock,,,,,,,,,,,,,,,,,,,,,CASE SIZE,12 x 750 ml,,,,,,,,,,,,,,,,,Cannon Estate Winery
11160,Product,Cannon Estate Rapture Rose 2022,"Rapture was produced by using techniques traditionally practiced in the Bordeaux region of France. Containing mostly Merlot and Cabernet Franc, this concentrated dark rosé has pronounced aromas of white pepper and cassis. Dry and savoury, the palate is met with a hint of tannins, nice volume and notes of blackberry and raspberry. The cassis and vanilla finish is long and refreshing.This year, we used 45% of grapes that came from our herbicide-free vineyard, and 55% from different vineyards in Oliver and Kelowna.Ageing - This year, we aged part of the wine in barrel for six months (30% old oak) and one month in bottle.Simplified Tasting Notes - Blackberry, White Pepper, Cassis, VanillaVarietals - Complex blend of four varietals, mostly Merlot and Cabernet Franc12% alc./vol.",02af16_aeec6d489dfd4e41b6d5e277b9d99901~mv2.png,Cannon Estate Winery; Rosé; Wine; Lower Mainland,305915,,16.89,,true,PERCENT,0.0,InStock,,,,,,,,,,,,,,,,,,,,,CASE SIZE,12 x 750 ml,,,,,,,,,,,,,,,,,Cannon Estate Winery
11105,Product,Cannon Estate Sedulous Red 2021,"Sedulous was produced using techniques traditionally practiced in the Côte-Rôtie region of France. It is 90% Syrah and 10% Viognier. A complex wine with pronounced aromas, robust volume, and smooth concentrated flavour. Notes of violet and leather on the nose followed by cherry, cocoa and coffee. The palate is dry and balanced with spice, cherry and meatiness.The Syrah came from Oliver and the Viognier from Osoyoos and Keremeos.This year, because of the hot weather, we aged the wine for 10 months (30% new French oak) and in bottle for one month before release.Simplified Tasting Notes - Violet, Black Cherry, Cocoa, SpiceSyrah and Viognier13.5% alc./vol.",02af16_4467a689bfaf43f68d06a8362af12153~mv2.png,Cannon Estate Winery; Red; Wine; Lower Mainland,444720,,23.05,,true,PERCENT,0.0,InStock,,,,,,,,,,,,,,,,,,,,,CASE SIZE,12 x 750 ml,,,,,,,,,,,,,,,,,Cannon Estate Winery
11126,Product,Cannon Estate Fervour Red 2021,"<p>Bordeaux-style Cabernet Franc blend</p><p>&nbsp;</p><p>Notes of Lilac, Spice, Dark Fruit, Coffee</p>",02af16_85266dae1f4b4618a4368e9c4fb95d68~mv2.png,Cannon Estate Winery; Red; Wine; Lower Mainland,444735,,23.05,,true,PERCENT,0.0,InStock,,,,,,,,,,,,,,,,,,,,,CASE SIZE,12 x 750 ml,,,,,,,,,,,,,,,,,Cannon Estate Winery
11130,Product,Cannon Estate Wick Whizz Kid Red,"Whizz Kid was created by combining New World and Old World wine making techniques with a main focus on fruit. Blackberry, plum and cherry liqueur on the nose with a body of medium tannins and volume. Lightly concentrated and structured, the palate is dry with notes of green pepper and cassis on the finish.Most of the grapes come from a rocky and well-exposed vineyard in Oliver, and the rest from Kelowna.We aged this wine in tank, not barrel, in order to respect the aromatic fruitiness and freshness of the wine.",02af16_a6d3b8b8d06c468294490273e2d393a2~mv2.png,Cannon Estate Winery; Red; Wine; Lower Mainland,305970,,14.63,,true,PERCENT,0.0,InStock,,,,,,,,,,,,,,,,,,,,,CASE SIZE,12 x 750 ml,,,,,,,,,,,,,,,,,Cannon Estate Winery
11157,Product,Cannon Estate Wick Doer 2021,"Doer was created by combining New World and Old World winemaking techniques with a main focus on fruit. This wine has aromas of cherry, spice and violet followed by black fruit and vanilla. A medium bodied, dry red with a palate of plum, black pepper and red cherry. It is concentrated but still has a nice freshness to avoid feeling overly heavy.Most the grapes come from Oliver from a rocky and well exposed vineyard, with a small percentage coming from Kelowna.Ageing - This year we aged part of the wine in barrel for 10 months and one month in bottle before release.Simplified Tasting Notes - Plum, Black Fruit, Spice, Red CherryVarietals -Mainly Cabernet Franc and Merlot14% alc./vol.",02af16_da57cbb6d1b64197a599c2216d116dba~mv2.png,Cannon Estate Winery; Red; Wine; Lower Mainland,444732,,16.89,,true,PERCENT,0.0,InStock,,,,,,,,,,,,,,,,,,,,,CASE SIZE,12 x 750 ml,,,,,,,,,,,,,,,,,Cannon Estate Winery
11159,Product,Cannon Estate Wick Bootstrapper 2021,"Bootstrapper was created using mostly New World style winemaking techniques. It is a blend of Cabernet Franc, Merlot and Petit Verdot. On the nose you get aromas of dark fruit, spice, violet and vanilla. On the palate there is cherry and black pepper with a long spicy finish.Most the grape varietals come from Oliver from a rocky and well exposed vineyard and a small percentage came from Osoyoos.Ageing - This year we aged the wine for 12 months in barrel and one month in bottle before release.Simplified Tasting Notes - Black Pepper, Cherry, Sweet Tobacco and Vanilla BeanVarietals - A blend of Cabernet Franc, Merlot and Petit Verdot14% alc./vol.",02af16_091f2be305fd4fe8a7d7e977702964bd~mv2.png,Cannon Estate Winery; Red; Wine; Lower Mainland,444723,,18.44,,true,PERCENT,0.0,InStock,,,,,,,,,,,,,,,,,,,,,CASE SIZE,12 x 750 ml,,,,,,,,,,,,,,,,,Cannon Estate Winery
11162,Product,Cannon Estate Fleur Bleue 2022,"<p>Burgundy-style Gamay and Pinot Blend</p><p>&nbsp;</p><p>Notes of Cherry Blossom, Bing Cherry with a hint of vanilla</p>",02af16_7c9572551a064b49a767a1cf0bca368f~mv2.png,Cannon Estate Winery; Red; Wine; Lower Mainland,305976,,23.05,,true,PERCENT,0.0,InStock,,,,,,,,,,,,,,,,,,,,,CASE SIZE,12 x 750 ml,,,,,,,,,,,,,,,,,Cannon Estate Winery
11172,Product,Cannon Estate Ardour Red 2021,"Ardour was produced using techniques traditionally used in Bordeaux and the Southwest region of Cahors. Dry, concentrated and full bodied but still fresh and well balanced. On the nose there are aromas of violet, spice and leather followed by dark cherry, blackberry and coffee. On the palate you will find blackberry, cocoa, spice and black currant.Most of the grape varietals came from vineyards in Oliver and the rest from Keremeos.Ageing - This year we aged the wine for 14 months in barrel and two months in bottle before release.Simplified Tasting Notes- Violet, Dark Cherry, Cocoa, BlackcurrantVarietals - A blend of Malbec, Petit Verdot, Cabernet Franc and Merlot.13.5% alc./vol.",02af16_528a4aab60b44564999d803757a5cd32~mv2.png,Cannon Estate Winery; Red; Wine; Lower Mainland,444676,,24.6,,true,PERCENT,0.0,InStock,,,,,,,,,,,,,,,,,,,,,CASE SIZE,12 x 750 ml,,,,,,,,,,,,,,,,,Cannon Estate Winery
4830,Product,Emandare 2024 Gewürztraminer,"<p>A step away from sweet and into textured and sophisticated. Neutral barrel fermented and left on the lees for 4 months, this dry wine drinks beautifully balanced with so much silky texture.</p><p>&nbsp;</p><p>Ripe pear, soft white rose pedal, baked apple and complex mineral notes fill your whole palate with satisfaction.&nbsp;</p>",02af16_7de1fa89307e4a86aa63ad591d25f2ce~mv2.png,Emandare Vineyard; White; Vancouver Island; Wine,191260,,22.0,,false,PERCENT,0.0,OutOfStock,,,,,,,,,,,,,,,,,,,,,CASE SIZE,12 x 750 ml,,,,,,,,,,,,,,,,,Emandare Vineyard
4831,Product,Emandare 2024 Sauvignon Blanc,"From the oldest planting of Sauvignon Blanc vines on Vancouver Island here at Emandare, we adore this wine. Something magic happens in the way it ripens and uniquely expresses itself on our vineyard. Vibrant white wild flowers, spiced pears, kiwi, melon, complex minerality and layer upon layer of bright aromas and flavours only begin to describe this wine. Barrel fermented and left on the lees, giving it a soft and lovely texture.",02af16_909c66eaf3e24de59b7527a05919c7ab~mv2.png,Emandare Vineyard; White,554576,,24.0,,false,PERCENT,0.0,OutOfStock,,,,,,,,,,,,,,,,,,,,,CASE SIZE,12 x 750 ml,,,,,,,,,,,,,,,,,Emandare Vineyard
10196,Product,Emandare 2022 FTV Chardonnay,"An exciting new wine for us in 2023.  Very expressive, bright and refreshing.  Driven by a citrus backbone that is highlighted with lovely apple and melon texture, framed by aromatics of white peach and highlighted with precise minerality.A lean chardonnay that is intricate and delicate.",02af16_fd6c68f67ba2455cb5a6289537729553~mv2.png,Emandare Vineyard; White,366141,,20.5,,false,PERCENT,0.0,OutOfStock,,,,,,,,,,,,,,,,,,,,,CASE SIZE,12 x 750 ml,,,,,,,,,,,,,,,,,Emandare Vineyard
10197,Product,Emandare 2024 PS,"<p>60% Pinot Noir | 30% Siegerrebe | 10% Chardonnay</p><p>&nbsp;</p><p>PS we also made this limited edition aromatic blend of Pinot Noir, Siegerrebe and Chardonnay. This is your ideal sipper in the sunshine. Soft stone fruit flavours and floral aromas leap out of your glass followed by zesty refreshing flavours of melon and citrus.</p><p>&nbsp;</p>",02af16_526127efaccf46e3a507668bdc48104a~mv2.png,Emandare Vineyard; White,422910,NEW RELEASE,19.0,,true,PERCENT,0.0,InStock,,,,,,,,,,,,,,,,,,,,,CASE SIZE,12 x 750 ml,,,,,,,,,,,,,,,,,Emandare Vineyard
4802,Product,Emandare 2023 Estate Rosé,"<p>A unique field blend that we have been fine tuning annually. 65% Siegerrebe, 13% Foch, 12% Tempranillo, and 10% Dornfelder. This Rosé is bright and vibrant on your palate with ridiculously juicy notes of citrus, apple, pear, melon and wild cherry.</p>",7c9ba4_a55a2c3985584603ab2921215b619675~mv2.png,Emandare Vineyard; Rosé,699504,,20.5,,true,PERCENT,0.0,InStock,,,,,,,,,,,,,,,,,,,,,CASE SIZE,12 x 750 ml,,,,,,,,,,,,,,,,,Emandare Vineyard
4826,Product,Emandare 2021 Alice,"Traditional Method Rosé made from 100% Cowichan Pinot Noir. 
A very special, limited release wine named after our second born daughter, Alice. The simple description on the back of the bottle is; ""Full of Life."" This only begins to describe the wonderful nature of our lovely little girl. An effervescent light pink sparkling wine that is like sipping sophisticated pink lemonade with subtle strawberries, peach and citrus tones.",02af16_3eef7ef2011b4f01978dddf5bb4cb6e8~mv2.png,Emandare Vineyard; Rosé,7068,,31.6,,false,PERCENT,0.0,OutOfStock,,,,,,,,,,,,,,,,,,,,,CASE SIZE,12 x 750 ml,,,,,,,,,,,,,,,,,Emandare Vineyard
4824,Product,Emandare 2022 FTV Blanc De Noir,"100% Pinot Noir with just a touch of skin contact giving it a very slight coloured hue.Floral and citrus notes meet with apple and pear brought together with mouth-watering savoury tones and textures.",02af16_4b12b2bd48234246971ced0961eb5239~mv2.png,Emandare Vineyard; Red,420542,,19.0,,false,PERCENT,0.0,OutOfStock,,,,,,,,,,,,,,,,,,,,,CASE SIZE,12 x 750 ml,,,,,,,,,,,,,,,,,Emandare Vineyard
4825,Product,Emandare 2022 FTV Farm Fresh Foch,"Made from 85% Marechal Foch and 15% Pinot Noir, this fresh, Nouveau (French for ""New"") style of wine is a very youthful and juicy style of red wine. 
100% Whole Cluster Carbonic Maceration, this wine is singing with vibrant notes of bright red cherry, fresh wild flowers and juicy plums. How Mike describes this wine: ""Juicy and Chuggable!""",02af16_b9a59b4d774645c29c641d19b5c338ce~mv2.png,Emandare Vineyard; Red,89453,,19.0,,false,PERCENT,0.0,OutOfStock,,,,,,,,,,,,,,,,,,,,,CASE SIZE,12 x 750 ml,,,,,,,,,,,,,,,,,Emandare Vineyard
5039,Product,Emandare 2023 Estate Pinot Noir,"<p>From 25 year old vines, our Pinot Noir is gently stewarded from grapes into wine with minimal intervention. Both fermented and aged in neutral French oak and left unfined and unfiltered, to capture the truly authentic expression of Emandare’s nature. Soft black cherry and prune plum, violets, wild mushroom, subtle apple and clean minerality and a depth of texture so unique to our Pinot Noir. This only begins to describe this terroir driven wine.</p>",02af16_962dd9dbeb4644efb2b97e36c9eb5df4~mv2.png,Emandare Vineyard; Red,571570,,50.0,,true,PERCENT,0.0,InStock,,,,,,,,,,,,,,,,,,,,,CASE SIZE,12 x 750 ml,,,,,,,,,,,,,,,,,Emandare Vineyard
5046,Product,Emandare 2023 Estate Maréchal Foch,"<p>From 25 year old vines, our signature Marechal Foch is gently stewarded from grapes into wine with minimal intervention. Both fermented and aged in neutral French oak and left unfined and unfiltered, to capture a bold expression of Emandare’s nature. Enjoy robust flavours of blackcurrant, black cherry, blueberry, subtle blackberry and dark plum with cracked pepper and subtle savoury mouth watering tones.</p>",7c9ba4_e55f36f00b494347ab10f4a91978eb38~mv2.png,Emandare Vineyard; Red,780833,NEW ARRIVAL,26.0,,true,PERCENT,0.0,InStock,,,,,,,,,,,,,,,,,,,,,CASE SIZE,12 x 750 ml,,,,,,,,,,,,,,,,,Emandare Vineyard
5049,Product,Emandare 2021 FTV Pinot Noir,"Bright and very juicy. 50% destemmed, 50% whole cluster and fermented in neutral open top puncheons. Gently stewarded from grapes into wine with minimal intervention. A light coloured pinot that packs a fruit punch. Raspberries, strawberries, red cherries and red currents meet apples and rose pedals. This is a very exciting expression of true to form Island Pinot Noir.",02af16_e77de0298a8a4d22a87f71598ed8c115~mv2.png,Emandare Vineyard; Red,434999,,20.5,,false,PERCENT,0.0,OutOfStock,,,,,,,,,,,,,,,,,,,,,CASE SIZE,12 x 750 ml,,,,,,,,,,,,,,,,,Emandare Vineyard
10896,Product,Emandare 2022 Syrah,"We had a unique opportunity to work with some exceptional quality organically farmed Okanagan Syrah in 2022. Silky smooth, soft and round on your palate. Our favourite Syrah’s come from cool vintages in warm climate regions, 2022 in Oliver was the perfect example. A very pretty wine, violets and lilacs leap out of your glass carried by subtle black cherry and apple, complemented by a savoury black pepper and a sea salted texture.",02af16_a229559fcbfe4886b802815854a8118a~mv2.png,Emandare Vineyard; Red,331494,,27.5,,false,PERCENT,0.0,OutOfStock,,,,,,,,,,,,,,,,,,,,,CASE SIZE,12 x 750 ml,,,,,,,,,,,,,,,,,Emandare Vineyard
10898,Product,Emandare 2022 FTV Valley Red,"A unique blend of two very familiar grapes to the Cowichan Valley. 70% Pinot Noir and 30% Maréchal Foch, whole cluster fermented separately and blended together in neutral french oak barrels to rest for 12 month.
Very juicy, soft and round on your palate. An everyday red wine. Bright and refreshing wild red cherry, garden raspberry and orchard apple with a mouth watering texture that is meant for more than just sipping.",02af16_b61aa801140049cfb17cd81338158c13~mv2.png,Emandare Vineyard; Red,331491,,20.5,,false,PERCENT,0.0,OutOfStock,,,,,,,,,,,,,,,,,,,,,CASE SIZE,12 x 750 ml,,,,,,,,,,,,,,,,,Emandare Vineyard
1362,Product,Lock & Worth 2022 Sauvignon Blanc + Sémillon,"74% Sauvignon Blanc + 26% Sémillon. Planted in Naramata. Focused, lithe and dry. A very crunchy/herbal vintage. Citrus pith, lemon verbena, hay. Dry and fresh. Unfined and unfiltered. Now-2024.",02af16_797f8348faa5474a90966a1da68e06cd~mv2.png, Okanagan; Wine; White;Lock & Worth Winery,29210,,16.0,,false,PERCENT,0.0,OutOfStock,,,,,,,,,,,,,,,,,,,,,CASE SIZE,12 x 750 ml,,,,,,,,,,,,,,,,,Lock & Worth Winery
1364,Product,"Lock & Worth 2021 Sémillon ""Knorr Vineyard"" Kelowna","<p>100% Semillon.&nbsp;Ever so slightly cloudy/matte sunny hay in colour. This is very lithe and focused and low in alc (10.4%) Ripe citrus rind, sage and hay. Sneaky bright and intense palate of apple skin and green tea but dry and driven.</p>",7c9ba4_fc94fadfae554a3fa2baaac9b3cfb570~mv2.png, Okanagan; Wine; White;Lock & Worth Winery,169527,,19.0,,true,PERCENT,0.0,InStock,,,,,,,,,,,,,,,,,,,,,CASE SIZE,12 x 750 ml,,,,,,,,,,,,,,,,,Lock & Worth Winery
1366,Product,Lock & Worth 2020 Sémillon Losthorn Vineyard,"This is the third vintage we have made Semillon from this vineyard planted in Okanagan Falls in 1995. This is a warmer site than our Kelowna vineyard and is picked earlier for acid retention. Destemmed and direct pressed this is fermented in a combination of stainless steel and old barriques. It spent only 6 months in barrel and is a brighter and fresher interpretation of Semillon. 2020 is more opulent and we think it will benefit from at least another 6 months or a year in bottle. Unfined and unfiltered but clear and with little to no sediment. Sunny/hay yellow. Clear and youthful. Cereal, wool and honeycomb on the nose. Medium bodied, clover and anise all wrapped around citrus curd and melon. Fresh acidity and a persistent crunchy finish make this intense and moreish. Dry. Can easily handle a little spice or medium weight proteins. Drink now - 2025",02af16_158b8b7dd16b473cabaae36a0adc7fa9~mv2.jpg, Okanagan; Wine; White;Lock & Worth Winery,158116,,15.0,,false,PERCENT,0.0,OutOfStock,,,,,,,,,,,,,,,,,,,,,CASE SIZE,12 x 750 ml,,,,,,,,,,,,,,,,,Lock & Worth Winery
10151,Product,Lock & Worth 2022 Cabernet Franc Rose White Label,"Off Dry. Big and bright aromatics of cherry pop rocks, candy apple and sweet thyme. Medium bodied and off dry with a big mouthfeel and ripe red tree fruits. There is good acidity here to buoy the sweetness and it never comes across as cloying. This is sneaky dangerous rose and we are loving it with sushi, spicy BBQ chicken, and watermelon/summer salads. From the original Poplar Grove Vineyard planted in 1995. 3 hours of skin contact in the press. Stainless steel ferment and old oak barrel ageing. The fermentation stopped on us in January leaving some residual sugar so we had to filter this wine. Bright, candy apricot in colour.",02af16_9b7d5fd50e29478586b2f1783f74a06a~mv2.png, Okanagan; Wine; White;Lock & Worth Winery,169522,,17.0,,false,PERCENT,0.0,OutOfStock,,,,,,,,,,,,,,,,,,,,,CASE SIZE,12 x 750 ml,,,,,,,,,,,,,,,,,Lock & Worth Winery
3248,Product,Lock & Worth 2022 Cabernet Franc Rose Grey Label,,02af16_ed842739c0be403485f1eb32a067df2f~mv2.png, Okanagan; Wine; Rosé;Lock & Worth Winery,158127,,17.0,,false,PERCENT,0.0,OutOfStock,,,,,,,,,,,,,,,,,,,,,CASE SIZE,12 x 750 ml,,,,,,,,,,,,,,,,,Lock & Worth Winery
10218,Product,"Lock & Worth 2022 Merlot Rosé ""Apricot Hill""","Whole cluster pressed with 1.5 hours of skin contact. Fermentation in stainless steel and elevage in old oak. Unfined and Unfiltered. \n\nDark, rich and savoury red berry fruit. Intense plum and herbs with fresh acidity and a long dry and moreish finish\n\nThis is from 1 acre on Matt's property planted in 2004 and currently undergoing organic conversion. The vineyard has a huge wild apricot tree on the west hill.",02af16_14ddc18c04e449a78c60d217c9d5c0bd~mv2.png, Okanagan; Wine; Rosé;Lock & Worth Winery,461175,,19.99,,false,PERCENT,0.0,OutOfStock,,,,,,,,,,,,,,,,,,,,,CASE SIZE,12 x 750 ml,,,,,,,,,,,,,,,,,Lock & Worth Winery
1368,Product,"Lock & Worth 2023 Merlot ""Naramata""",2 acres planted in 1995. Sand. Naramata Bench. Gently de-stemmed – 5 days of skin contact. Basket pressed. Fermented in neutral French oak for 7 months. Unfined and unfiltered.,02af16_5230b86a1e7a49a48a35cb95daf5cc47~mv2.png, Okanagan; Wine; Red;Lock & Worth Winery,29229,NEW ARRIVAL,18.0,,true,PERCENT,0.0,InStock,,,,,,,,,,,,,,,,,,,,,CASE SIZE,12 x 750 ml,,,,,,,,,,,,,,,,,Lock & Worth Winery
11258,Product,Marichel 2023 Marichel Estate Viognier,"Hand harvested over our estate vineyards and eight micro climates. The fruit is whole cluster pressed, cold settled and then moved to 100 percent tight grained French oak barrels.
This delicious and complex barrel aged Viognier has subtle floral aromas of creamy golden apple and honeydew melon, with complimentary scents of crème brûlée, along with a minerally overtone.  A full bodied palate offering intense and expansive melon, peaches and pear flavours accentuated by fresh, perfectly balanced acidity.",02af16_785f9bfaebd5432797c4887051eddc41~mv2.png, Okanagan; Wine; White;Marichel Winery,365973,,18.97,,true,PERCENT,0.0,InStock,,,,,,,,,,,,,,,,,,,,,CASE SIZE,12 x 750 ml,,,,,,,,,,,,,,,,,Marichel Winery
11245,Product,Marichel 2022 Marichel Syrah Rosé,"Our Rosé is 100% Syrah that is Estate-grown on the Naramata Bench. Whole cluster pressed to minimize colour extraction.  A dry, crisp &amp; fruity lean style that offers aromatics of tart cherry, strawberry and light citrus, sage and earth.",02af16_fb893a3134b94b7ab2cffd50777cba73~mv2.png, Okanagan; Wine; Rosé;Marichel Winery,746339,,17.0,,true,PERCENT,0.0,InStock,,,,,,,,,,,,,,,,,,,,,CASE SIZE,12 x 750 ml,,,,,,,,,,,,,,,,,Marichel Winery
11256,Product,Marichel 2020 Marichel Estate Syrah,"100% Syrah from harvested from Block 4 which has a perfect southwest orientation.  Fermented in individual vats with daily punchdowns.  36 months in 100% new, premium oak with medium toast.",02af16_8897a963f2df43178238c04aca92ad65~mv2.png, Okanagan; Wine; Red;Marichel Winery,428326,,26.69,,true,PERCENT,0.0,InStock,,,,,,,,,,,,,,,,,,,,,CASE SIZE,12 x 750 ml,,,,,,,,,,,,,,,,,Marichel Winery
11257,Product,Marichel 2023 Marichel Lone Wolf Syrah,"Introducing an old favourite with a new name. Sourced entirely from the Marichel Estate Vineyard, the Lone Wolf is our popular Syrah-Viognier blend with a classic, Rhone Valley identity. 
Fermented in wide stainless steel tank to increase skin contact.Viognier co-fermented with the Syrah. Malolactic fermentation started in tank and completed in barrel.  36 months aged premium oak, medium toast, 60% new.
Our style is a bit spicier with freshness. Classic violet and pepper notes leading into ripe fruits of blackberry and raspberry. Crushed stones and hints of wild sage. On the palate, a generous mid palate mouth-feel with some grip and weight.",02af16_6d939bddf0774f9393b8eb6c692c716f~mv2.png, Okanagan; Wine; Red;Marichel Winery,609669,,18.97,,true,PERCENT,0.0,InStock,,,,,,,,,,,,,,,,,,,,,CASE SIZE,12 x 750 ml,,,,,,,,,,,,,,,,,Marichel Winery
11218,Product,Nagging Doubt 2022 Bright Idea Sparkling,"Made entirely from our Sallows Road Vineyard, estate grown Chardonnay and Pinot Noir. This wine has lovely effervesce, with balanced acidity.  A dry, crisp wine, it’s aromas hint of sweet, bright cherries, strawberries and cotton candy with citrus undertones.",02af16_6a2e3ba38d794e0c90b86775d007c7e6~mv2.png, Okanagan; Wine; Sparkling;Nagging Doubt Winery,242707,,18.67,,true,PERCENT,0.0,OutOfStock,,,,,,,,,,,,,,,,,,,,,CASE SIZE,12 x 750 ml,,,,,,,,,,,,,,,,,Nagging Doubt Winery
1414,Product,Nagging Doubt 2022 Siegerrebe,"Estate grown at our Sallows Road vineyard in the Okanagan Valley's East Kelowna Slopes sub-GI.These grapes were harvested from our estate vineyard at 20⁰ Brix on October 7, 2022 to preserve the acidity of this notoriously low-acid varietal. On the nose and palate, this wine is intensely aromatic – an extremely complex profile of flowers, lychee, tangerine, spice, and citrus can be detected",02af16_3928a999ea70409bbda1aaaf957bbe2e~mv2.png, Okanagan; Wine; White;Nagging Doubt Winery,155047,,15.0,,false,PERCENT,0.0,OutOfStock,,,,,,,,,,,,,,,,,,,,,CASE SIZE,12 x 750 ml,,,,,,,,,,,,,,,,,Nagging Doubt Winery
1416,Product,"Nagging Doubt 2021 Chardonnay ""Sallows Road""","Estate-grown in South East Kelowna, made from two French Chardonnay clones (76 and 95).
Production Notes:
Fermented slowly at 15⁰C to preserve the grape’s natural aromatics, this wine was aged in 30% new French oak puncheons, and 70% in stainless steel for 8 months.",02af16_77cf8ff4975a478f9f4d4312eb596c90~mv2.png, Okanagan; Wine; White;Nagging Doubt Winery,22947,,20.01,,false,PERCENT,0.0,OutOfStock,,,,,,,,,,,,,,,,,,,,,CASE SIZE,12 x 750 ml,,,,,,,,,,,,,,,,,Nagging Doubt Winery
11220,Product,Nagging Doubt 2022 A Little Doubtful Rosé Trio - 200 ml,"Vibrant and refreshing, this is perfection in pink! While this is a dry, crisp wine, it hints at red berries and bright cherries, with floral and citrus undertones. Effervescent, with balanced acidity.This 200 mL pocket-sized bottle comes in a 3-pack",02af16_5e6e9b610ea94e67a23fa45f02d6f55a~mv2.png, Okanagan; Wine; Rosé;Nagging Doubt Winery,242704,,15.13,,false,PERCENT,0.0,OutOfStock,,,,,,,,,,,,,,,,,,,,,CASE SIZE,3 x 200 ml,,,,,,,,,,,,,,,,,Nagging Doubt Winery
1418,Product,Nagging Doubt 2022 Pinot Noir,"From young vines grown at the south-facing Hartman Road vineyard, the 2022 Pinot Noir boasts the deep colour and intensity unique to our East Kelowna terroir. An ideal ""gateway red"", this big Pinot hints at fruitiness–cherry, raspberry, and pomegranate–with a subtle baking spice undertone and vanilla nose. Aged for 12 months in 30% new French oak,",02af16_4cd21aa105f94a8798d4b73198f039b8~mv2.png, Okanagan; Wine; Red;Nagging Doubt Winery,588483,,23.02,,true,PERCENT,0.0,InStock,,,,,,,,,,,,,,,,,,,,,CASE SIZE,12 x 750 ml,,,,,,,,,,,,,,,,,Nagging Doubt Winery
1419,Product,Nagging Doubt 2020 Cabernet Franc,,02af16_39eda3218b1a4400ba257cb395112806~mv2.png, Okanagan; Wine; Red;Nagging Doubt Winery,25161,,24.9,,false,PERCENT,0.0,OutOfStock,,,,,,,,,,,,,,,,,,,,,CASE SIZE,12 x 750 ml,,,,,,,,,,,,,,,,,Nagging Doubt Winery
1421,Product,Nagging Doubt 2022 Malbec,"<p>Harvested October 30, 2022, from the Red Brick Vineyard in Osoyoos, in the Okanagan Valley.&nbsp; Aged 20 months in 40% new American and French.</p><p>&nbsp;</p><p>Our fourth release as a single varietal, this wine continues to be a beautiful example of Canadian cold-climate Malbec. Notes of ripe cassis, blackberry, cherry, and pepper prevail, with a subtle vanilla influence from new oak. Medium-bodied, with soft tannins, balanced acidity, and succulent juiciness</p><p>&nbsp;</p>",02af16_8a5e2cad6f3647c5a643f0a852ba19ef~mv2.png, Okanagan; Wine; Red;Nagging Doubt Winery,61066,,24.9,,true,PERCENT,0.0,InStock,,,,,,,,,,,,,,,,,,,,,CASE SIZE,12 x 750 ml,,,,,,,,,,,,,,,,,Nagging Doubt Winery
1423,Product,Nagging Doubt 2021 The Pull,"<p>The Pull is,&nbsp;a rich red blend consisting primarily of Merlot (60%), supported by Cabernet Sauvignon (21%), Malbec (16%), and a touch of Cabernet Franc (3%).</p><p>&nbsp;</p><p>Fruit for The Pull is sourced from two Okanagan Valley regions: Oliver for the Merlot, and Osoyoos for the remaining components.&nbsp; Aged for 20 months in 43% new French and American oak.&nbsp;</p>",02af16_f650e73ce65c48dfb97cea1e73621f72~mv2.png, Okanagan; Wine; Red;Nagging Doubt Winery,414938,,25.9,,true,PERCENT,0.0,InStock,,,,,,,,,,,,,,,,,,,,,CASE SIZE,12 x 750 ml,,,,,,,,,,,,,,,,,Nagging Doubt Winery
2442,Product,Nagging Doubt 2021 The Leap,"<p>Sourced from Okanagan Valley vineyards in Oliver (Merlot) and Osoyoos.</p><p><strong>Production Notes</strong><br>Aged for 20 months in 48% new French and American oak.</p><p>&nbsp;</p><p>Traditional red blend, this Merlot-dominant wine (72%) also contains Malbec (20%) and splashes of Cabernet Sauvignon (5%), and Cabernet Franc (3%).</p>",02af16_09aaaac2e6064d1e8b1f6cbcefa1e0cf~mv2.png, Okanagan; Wine; Red;Nagging Doubt Winery,128246,,22.02,,true,PERCENT,0.0,InStock,,,,,,,,,,,,,,,,,,,,,CASE SIZE,12 x 750 ml,,,,,,,,,,,,,,,,,Nagging Doubt Winery
10699,Product,Nagging Doubt 2022 Merlot,"<p>Harvested October 18, 2022, from Mythology Vineyard in Oliver, in the Okanagan Valley.&nbsp; &nbsp;Aged for 20 months in 40% new French oak.</p><p>&nbsp;</p><p>Plum, blackberry, cherry, and mocha notes are plentiful on the nose and palate, supported by balanced oak and a nice acidity. Pairs beautifully with any grilled meat, especially pork.</p>",02af16_4590235d00224c849cd2d0e209e97e3d~mv2.png, Okanagan; Wine; Red;Nagging Doubt Winery,257253,,19.46,,true,PERCENT,0.0,InStock,,,,,,,,,,,,,,,,,,,,,CASE SIZE,12 x 750 ml,,,,,,,,,,,,,,,,,Nagging Doubt Winery
1372,Product,Nichol Vineyard 2021 Pinot Gris,"Handpicked, given up to 36 hours of skin contact and fermented in a combination of stainless steel and neutral French oak.  Gorgeous blush colour.
Aromas of fuzzy peaches, apricot skin, and grapefruit . Medium bodied with citrus pith and apricot pits and lemon curd on the dry but rich palate. Very versatile food companion - from soft cheese to roast chicken and salmon.
Planted from 1990-2005 on a mix of granite, granite shard, loess and glacial till. 100% Naramata village.",02af16_e671e6edc72b46f4baf35320dafd2d23~mv2.png, Okanagan; Wine; White;Nichol Vineyard,169481,,17.0,,false,PERCENT,0.0,InStock,,,,,,,,,,,,,,,,,,,,,CASE SIZE,12 x 750 ml,,,,,,,,,,,,,,,,,Nichol Vineyard
10211,Product,Nichol Vineyard 2022 Pinot Gris,"Clear and youthful with a very slight straw hue. This vintage retained very little colour despite 36 hours of skin contact prior to ferment.
Aromas of fuzzy peaches, apricot skin, and grapefruit . Medium bodied with citrus pith and apricot pits and lemon curd on the dry but rich palate. Very versatile food companion - from soft cheese to roast chicken and salmon.
Planted from 1990-2005 on a mix of granite, granite shard, loess and glacial till. 
100% Naramata village.",02af16_50e9d5e5991a483aa798847a34cd90f2~mv2.png, Okanagan; Wine; White;Nichol Vineyard,169480,,17.0,,false,PERCENT,0.0,InStock,,,,,,,,,,,,,,,,,,,,,CASE SIZE,12 x 750 ml,,,,,,,,,,,,,,,,,Nichol Vineyard
10216,Product,"Nichol Vineyard ""Two Barrels"" Pinot Gris","Two Barrels Pinot Gris has more intense aromatics and a richer, rounder and softer palate as this goes through 100% malolactic fermentation. Unfined and Unfiltered",02af16_e671e6edc72b46f4baf35320dafd2d23~mv2.png, Okanagan; Wine; White;Nichol Vineyard,169477,,19.32,,false,PERCENT,0.0,OutOfStock,,,,,,,,,,,,,,,,,,,,,CASE SIZE,12 x 750 ml,,,,,,,,,,,,,,,,,Nichol Vineyard
1370,Product,Nichol Vineyard 2022 Extra Brut,"Pale grapefruit pink in colour. Earthy strawberries and cream, a hint of brioche and red apple skin on the clean and bright nose. A light to medium bodied bubble, very dry but softer and creamier than previous vintages with ripe apple skin, honey comb and toast. Unfined and Unfiltered.
Planted in 2000 up and behind Nichol this Pinot Noir vineyard is wonderful for the production of traditional sparkling wine. In addition, we finally have something to do with our Pinot Meunier (planted in 1989) which usually gets eaten by the birds every year as it is the thing to ripen before we can get our nets out.",02af16_18a6ac9259244314abb9276ffa218b72~mv2.png, Okanagan; Wine; White;Nichol Vineyard,129732,,18.0,,false,PERCENT,0.0,OutOfStock,,,,,,,,,,,,,,,,,,,,,CASE SIZE,12 x 750 ml,,,,,,,,,,,,,,,,,Nichol Vineyard
1374,Product,Nichol Vineyard 2020 Syrah Nate’s Vineyard,"Vibrant ruby in colour. High toned aromatics of lilacs and fennel fronds with a touch of white pepper. Medium bodied and focused palate of ripe red berry fruits, sweet herbs and pepper. This is a fine, detailed version of our young vines that is easy to drink but has intense, crunchy persistence on the palate. Easy to drink now but we see this rewarding at 5 to 8 years in the cellar. Drink now to 2030.
Planted in 2007 on granite bedrock and glacial till in the southern quadrant of the property. 100% Naramata Village.",02af16_e640dba2214b41bd8f9b7d7b67467bf7~mv2.png, Okanagan; Wine; Red;Nichol Vineyard,29176,,18.0,,false,PERCENT,0.0,OutOfStock,,,,,,,,,,,,,,,,,,,,,CASE SIZE,12 x 750 ml,,,,,,,,,,,,,,,,,Nichol Vineyard
1376,Product,"Nichol Vineyard 2022 Syrah ""Old Vines""","<p>94 Points Decanter Magazine </p><p></p><p>The 2022 was coolish but very long, giving us red wines that are quite generous and supple while retaining solid acidities and fruit definition. We bottled this a few months later than usual and we think the extra spring months in barrel have helped to make this very approachable already.</p><p>Dark/purply/ruby and very vibrant showing tar and dark berry fruit along with lilacs and fennel. The palate is softer and more fruit driven than the 2019 (more like 2014) with sweet game, soil and black cherry. Ripe but present tannins and trademark refreshing acidity carry the long finish. While very easy to enjoy now this really has the stuffing to be one to watch over the next decade. Please decant.</p><p>Drink 2024 – 2032?+</p>",02af16_db29728e8a1f47149c5e7bbfaaad80ac~mv2.png, Okanagan; Wine; Red;Nichol Vineyard,20187,COLLECTABLE,40.0,,true,PERCENT,0.0,InStock,,,,,,,,,,,,,,,,,,,,,CASE SIZE,12 x 750 ml,,,,,,,,,,,,,,,,,Nichol Vineyard
3390,Product,Nichol Vineyard 2022 Village Cabernet Franc,"Dark ruby. Youthful, vibrant. Garrigue, dark red fruits, soil and dill on the nose. Crunchy, packed palate of sage, iron and savoury berries. This is ripe Cabernet Franc that never forgets it is still varietal Cabernet Franc. Vineyard: 13 rows planted in 1989 on granite bedrock. 100% Naramata Village.Wine Making: Hand-picked late October 2020. De-stemmed in to open top fermenters. Basket pressed with malolactic taking place in neutral French barrique. Raised in neutral (3-6 years old) French oak barrels for 12 months. Racked twice and bottled unfined and unfiltered in March 2022.Drink Now - 2028+",02af16_4014df86c7734949a478933b9aa995a2~mv2.png, Okanagan; Wine; Red;Nichol Vineyard,29196,,22.0,,true,PERCENT,0.0,InStock,,,,,,,,,,,,,,,,,,,,,CASE SIZE,12 x 750 ml,,,,,,,,,,,,,,,,,Nichol Vineyard
3391,Product,Nichol Vineyard 2022 Pinot Noir 550M,"<p>Nichol Pinot Noir 550M Elevation&nbsp;</p><p>&nbsp;</p><p>Lifted, savoury aromatics of thyme, nunderbrush, liquorish and red berries. Medium bodied, savoury fruit core. Medium tannins and fresh acidity drive the moreish finish. Vineyard:&nbsp; 4 acres, planted in 2000.&nbsp; Alluvial till, clay Massal selection from Clone 115 and Spatburgunder Double Cane VSP 2.5 Tonnes per acre 550M Elevation Nichol 2020 Pinot Noir 550 90% Destemmed and 10% Whole Cluster</p>",02af16_77ffb70cd31e433690a1efca673cb049~mv2.png, Okanagan; Wine; Red;Nichol Vineyard,29146,,25.0,,true,PERCENT,0.0,InStock,,,,,,,,,,,,,,,,,,,,,CASE SIZE,12 x 750 ml,,,,,,,,,,,,,,,,,Nichol Vineyard
9925,Product,Nichol Vineyard 2022 Pinot Noir Whole Cluster - 280M,"Nichol Vineyards has 6 rows of Clone 115 Pinot Noir originally planted in 1990 on the Estate next to the Winery.This wine is fermented with stems included, hence ""Whole Cluster"".  Medium matte ruby in colour. Savoury, spicy aromatics of thyme, pine forest, strawberry and earth. This is medium bodied but quite firm in the mouth with the ability to handle more substantial foods and proteins.",02af16_350ea6673e934bcfa10cfc6a7889cdb1~mv2.png, Okanagan; Wine; Red;Nichol Vineyard,226277,,26.0,,true,PERCENT,0.0,InStock,,,,,,,,,,,,,,,,,,,,,CASE SIZE,12 x 750 ml,,,,,,,,,,,,,,,,,Nichol Vineyard
10199,Product,"Nichol Vineyard 2022 Syrah ""The Village""","<p>Vibrant ruby in colour. High toned aromatics of lilacs and fennel fronds with a touch of white pepper. Medium bodied and focused palate of ripe red berry fruits, sweet herbs and pepper. This is a fine, detailed version of our young vines that is easy to drink but has intense, crunchy persistence on the palate. Easy to drink now but we see this rewarding at 5 to 8 years in the cellar. Drink now to 2030.</p><p>Planted in 2007 on granite bedrock and glacial till in the southern quadrant of the property.</p><p>100% Naramata Village.</p>",02af16_e640dba2214b41bd8f9b7d7b67467bf7~mv2.png, Okanagan; Wine; Red;Nichol Vineyard,261014,,21.0,,true,PERCENT,0.0,InStock,,,,,,,,,,,,,,,,,,,,,CASE SIZE,12 x 750 ml,,,,,,,,,,,,,,,,,Nichol Vineyard
3526,Product,Odd Society Commodore Port Barrel Finished Single Malt Whisky 375 ml,"We took our three year old Commodore single malt whisky that had been aging in smaller ex-bourbon barrels and transferred it to a large, freshly emptied French oak port barrel and aged it for another fourteen months. The ex-port barrel adds beautiful deep colours, rich texture, and hints of dried fruit. A beautiful dram you won't want to miss.
375 ml&nbsp; - 46% ABV",02af16_90665a7071794592b11b039194a0e4a8~mv2.webp, Spirits; Lower Mainland;Odd Society Spirits,494079,,28.19,,false,PERCENT,0.0,OutOfStock,,,,,,,,,,,,,,,,,,,,,CASE SIZE,12 x 375 ml,,,,,,,,,,,,,,,,,Odd Society Spirits
3558,Product,Odd Society Scottish Peat & Smoke Whisky 375 ml,"Canadian Single Malt Whisky, a softly smoked expression of peated whisky that is phenolic and viscous with classic Islay characteristics.
Notes of caramelized honey, supple leather and chestnuts on an open fire. Mouthfeel is full and creamy with flavours of charred oak and dried cocoa nibs.",02af16_1f548d1344d547b1ace93b3c3fa5c3c7~mv2.png, Spirits; Lower Mainland;Odd Society Spirits,512820,,26.57,,true,PERCENT,0.0,OutOfStock,,,,,,,,,,,,,,,,,,,,,CASE SIZE,12 x 375 ml,,,,,,,,,,,,,,,,,Odd Society Spirits
3573,Product,Odd Society Commodore Single Malt Whisky 750 ml,"100% BC Single Malt barley aged in ex-Bourbon barrels for a least 4 years.  Commodore is a Scotch-style whisky but with the characteristics of local terroir.  When it was first released it was single-cask, with hand-written labels.  The line-ups on release day meant we could never make enough.  Today we store-away plenty to provide whisky lovers, with single malt all year round.
Nose: Beeswax, brown sugar, toasted croissant, cocao, malt, oak, vanilla, light heather.
Palate: Caramel, cocoa, oak, vanilla, tobacco, almond, hazelnut, creamy.
750 ml 46% ABV",02af16_3ad6a819c3094909b7ffdae1d7602951~mv2.jpg, Spirits; Lower Mainland;Odd Society Spirits,204043,,51.65,,true,PERCENT,0.0,InStock,,,,,,,,,,,,,,,,,,,,,CASE SIZE,6 x 750 ml,,,,,,,,,,,,,,,,,Odd Society Spirits
3575,Product,Odd Society Mongrel Unaged Rye Spirit 750 ml,"Made from 100% BC Rye and bottled at 50% ABV, this is a refined moonshine, white dog, or white lightning. It goes straight from the still to the bottle. The strength of this spirit is not for the faint-hearted, but it has developed a following for its buttery candied notes while still being fairly neutral. It is often used as a white rum substitute, or to make infusions. Use in a Beach Rover, our version of a Pina Colada, or simply with tonic, ice and lemon.
Nose: Buttermilk, cacao, saline, toasted malt, dried grass.
Palate: Intense caramel, coffee bean, cacao, milk, salt, anise.",02af16_2c1db80417014c7b80ec5d997260d2c3~mv2.jpg, Spirits; Lower Mainland;Odd Society Spirits,8177,,29.8,,true,PERCENT,0.0,InStock,,,,,,,,,,,,,,,,,,,,,CASE SIZE,6 x 750 ml,,,,,,,,,,,,,,,,,Odd Society Spirits
3576,Product,Odd Society Bittersweet Vermouth 375 ml,"A new world rendition of an old French recipe from the late 1800's.  We infuse a Naramata Viognier blend with 25 exotic and locally foraged botanicals, including Arbutus bark from Mayne Island.  Fortified with our neutral spirit, sweetened with caramelized sugar.  Drink before dinner on ice with an orange slice/olive to stimulate your appetite or in your favourite vermouth cocktail.Nose:  Dried Italian herb, citrus zest, bright, floral, astrigent, caramel, vanilla, musk.Palate:  Opens sweet &amp; fruity, floral, orange, turns herbal with damp tree bark, ends in a long, bitter wormwood finish, while remaining sweet like nectar. Awards:Silver (Amaro or Vermouth)- Canadian Artisan Spirit Competition 2023Gold (with distinction)+Best in Class (Amaro or Vermouth) Cdn Artisan Spirit Competition 2022",02af16_41d1a5cf39d34eb0aeded8037999d87b~mv2.jpg, Spirits; Lower Mainland;Odd Society Spirits,532242,,15.62,,false,PERCENT,0.0,OutOfStock,,,,,,,,,,,,,,,,,,,,,CASE SIZE,12 x 375 ml,,,,,,,,,,,,,,,,,Odd Society Spirits
3577,Product,Odd Society Crème de Cassis 375 ml,"A classic French liqueur made from black currants. Odd Society's Crème de Cassis is based on the secret recipe of friend and Master Chef, Hervé Martin.  We are honoured to partner with Hervé to produce this French classic made with the finest BC-grown black currants.  The best of Europe and BC in one bottle.Fruity and sweet balanced by a crisp acidity, a premium liqueur for discerning bar programs.",02af16_5f3bb60b2362424db26be8171614bc2e~mv2.jpg, Spirits; Lower Mainland;Odd Society Spirits,594531,,17.75,,true,PERCENT,0.0,InStock,,,,,,,,,,,,,,,,,,,,,CASE SIZE,12 x 375 ml,,,,,,,,,,,,,,,,,Odd Society Spirits
3578,Product,Odd Society Mia Amata Amaro 375 ml,"Amaro, meaning bitter in Italian, is a bittersweet herbaceous liqueur, defined by the harmony of botanicals which comprise every unique recipe. Ours is a family secret, created by Mia Glanz, the
daughter of the distiller. 
It began as a wish to create a liqueur with two Brazilian aphrodisiac botanicals, and evolved into a rich, intense after-dinner sipper, in the tradition of all Italian Amari.
Mia Amata means “my beloved” in Italian. Have neat, after dinner or in our Amata Crusta cocktail.
Nose: Caramel, candied orange, cacao, mace, clove, peppermint, lavender, licorice, musk.
Palate: Candied plum &amp; orange, caramel, sharp then earthy, leather, licorice, gentian.
375 ml - 30%",02af16_8c3ff0e3e5294bdfa8445ce5959ff62b~mv2.jpg, Spirits; Lower Mainland;Odd Society Spirits,953414,,16.56,,true,PERCENT,0.0,InStock,,,,,,,,,,,,,,,,,,,,,CASE SIZE,12 x 375 ml,,,,,,,,,,,,,,,,,Odd Society Spirits
3579,Product,Odd Society Wallflower Gin 375 ml,"Wallflower Gin starts with 100% BC malted barley spirit.  Twelve local and exotic botanicals are added to create a gin with unique character that is rich and aromatic, yet light and refreshing.  Heartier botanicals, such as European juniper and BC cranberries are steeped for 12 hours prior to distillation, while more delicate botanicals such as rose, lavender and elderflower, are placed in a gin basket above the still allowing a new-world style gin, embracing old-world techniques.
ABV 44%
Awards:
Silver (Gin) - San Francisco World Spirit Competition 2015",02af16_88eaeb480eba477ebb5e8542d2d163c6~mv2.jpg, Spirits; Lower Mainland;Odd Society Spirits,743054,,17.93,,true,PERCENT,0.0,InStock,,,,,,,,,,,,,,,,,,,,,CASE SIZE,12 x 375 ml,,,,,,,,,,,,,,,,,Odd Society Spirits
3582,Product,Odd Society Wallflower Oaken Gin 375 ml,"Oaken Gin is Odd Society’s Wallflower Gin that rests in 30-litre American white oak rye casks
for a minimum of six months. The time spent in oak gives the gin a smooth texture and adds richness, elevating the spice notes. The citrus flavours of the spirit are pleasingly integrated with vanilla characteristics from the wood.
Gold (Aged Gin) - Canadian Artisan Spirit Competition 2018 + 2020
Gold (Barrel-Aged Gin) - BC Distilled 2017",02af16_6c73df28c55e48dfaab12e6f56dbe74a~mv2.jpg, Spirits; Lower Mainland;Odd Society Spirits,618850,,21.17,,true,PERCENT,0.0,InStock,,,,,,,,,,,,,,,,,,,,,CASE SIZE,12 x 375 ml,,,,,,,,,,,,,,,,,Odd Society Spirits
3583,Product,Odd Society East Van Vodka 375 ml,"Made from 100% malted barley grown in Prince George and malted in Armstrong, East Van Vodka passes through two European-made, copper pot stills before it is lightly filtered and proudly blended with pure Vancouver water.  Unlike most vodkas, East Van Vodka is not a completely neutral spirit. It is lightly fragrant, sweet-smelling and incredibly smooth. Consider it a single malt vodka.
Awards:
Gold (Branding)- Canadian Artisan Spirit Competition 2020
Gold (Vodka) - BC Distilled 2014
Silver (Vodka) - San Francisco World Spirit Competition 2014
Gold (Branding) - San Francisco World Spirit Competition 2014",02af16_21b0f6bcbc7549ecbd00fab7b9e6f983~mv2.jpg, Spirits; Lower Mainland;Odd Society Spirits,75804,,15.22,,false,PERCENT,0.0,InStock,,,,,,,,,,,,,,,,,,,,,CASE SIZE,12 x 375 ml,,,,,,,,,,,,,,,,,Odd Society Spirits
3584,Product,Odd Society Commodore Single Malt Whisky 375 ml,"Commodore honours tradition—beckoning back to a Scottish heritage. However, this refined spirit is distilled with 100% BC grown, malted barley. To that, it owes its distinctive peppery-sweetness, along with its dark fruit and tobacco notes. This single malt is unyielding confident and proudly declares: Welcome to the New World375 ml - 46% ABV",02af16_3ad6a819c3094909b7ffdae1d7602951~mv2.jpg, Spirits; Lower Mainland;Odd Society Spirits,90826,,26.27,,true,PERCENT,0.0,InStock,,,,,,,,,,,,,,,,,,,,,CASE SIZE,12 x 375 ml,,,,,,,,,,,,,,,,,Odd Society Spirits
3587,Product,Odd Society East Van Vodka 750 ml,"Made from 100% malted barley grown in Prince George and malted in Armstrong, East Van Vodka passes through two European-made, copper pot stills before it is lightly filtered and proudly blended with pure Vancouver water.  Unlike most vodkas, East Van Vodka is not a completely neutral spirit. It is lightly fragrant, sweet-smelling and incredibly smooth. Consider it a single malt vodka.Awards:Gold (Branding)- Canadian Artisan Spirit Competition 2020Gold (Vodka) - BC Distilled 2014Silver (Vodka) - San Francisco World Spirit Competition 2014Gold (Branding) - San Francisco World Spirit Competition 2014",02af16_21b0f6bcbc7549ecbd00fab7b9e6f983~mv2.jpg, Spirits; Lower Mainland;Odd Society Spirits,555227,,29.03,,false,PERCENT,0.0,InStock,,,,,,,,,,,,,,,,,,,,,CASE SIZE,12 x 750 ml,,,,,,,,,,,,,,,,,Odd Society Spirits
3591,Product,Odd Society Prospector Rye Whisky 375 ml,"100% BC Rye aged in new American white oak barrels for a minimum three years. unlike most Canadian Rye whiskies, we chose to use 100% Rye to highlight the unique qualities of the grain, such as baking spice and demerara. We use new barrels to impart intense vanilla and oak flavours in effort to balance the natural heavy spice. Drink in a classic Manhattan.Nose: Vanilla, oak, brandied cherry, baking spice, prune, demerara sugar.Palate: Baking spice, ripe apricot, vanilla, cacao, eucalyptus, menthol, dry finish.375 ml&nbsp; - 46% ABV",02af16_ec4d5242c4ed4752955fee0c5c83ee06~mv2.jpg, Spirits; Lower Mainland;Odd Society Spirits,90685,,24.26,,true,PERCENT,0.0,InStock,,,,,,,,,,,,,,,,,,,,,CASE SIZE,12 x 375 ml,,,,,,,,,,,,,,,,,Odd Society Spirits
3592,Product,Odd Society Prospector Rye Whisky 750 ml,"100% BC Rye aged in new American white oak barrels for a minimum three years. Unlike most Canadian Rye whiskies, we chose to use 100% Rye to highlight the unique qualities of the grain, such as baking spice and demerara. We use new barrels to impart intense vanilla and oak flavours in effort to balance the natural heavy spice. Drink in a classic Manhattan.Nose: Vanilla, oak, brandied cherry, baking spice, prune, demerara sugar.Palate: Baking spice, ripe apricot, vanilla, cacao, eucalyptus, menthol, dry finish.750 ml&nbsp; - 46% ABV",02af16_ec4d5242c4ed4752955fee0c5c83ee06~mv2.jpg, Spirits; Lower Mainland;Odd Society Spirits,201275,,46.05,,true,PERCENT,0.0,InStock,,,,,,,,,,,,,,,,,,,,,CASE SIZE,6 x 750 ml,,,,,,,,,,,,,,,,,Odd Society Spirits
3595,Product,Odd Society Crème de Cassis 750 ml,"A classic French liqueur made from black currants. Ours was adapted from an old Dijon family recipe given to us by chef Hervé Martin of the French Table. 
Our black currants are grown in the Fraser Valley. According to the tradition, a crème is a liqueur with a hight level of sweetness and a single defining flavour. The essence of black currants in a bottle. Mix with a dry sparkling wine for a classic Kir Royale.
Nose: Lemon zest, bright, tingling, cooked &amp; fresh red fruit; raspberry, cranberry, currant.
Palate: Fresh and stewed black currant, juicy, lemon, sweet, rich mouthfeel.
750ml - 23%",02af16_5f3bb60b2362424db26be8171614bc2e~mv2.jpg, Spirits; Lower Mainland;Odd Society Spirits,202075,,30.7,,true,PERCENT,0.0,InStock,,,,,,,,,,,,,,,,,,,,,CASE SIZE,12 x 750 ml,,,,,,,,,,,,,,,,,Odd Society Spirits
3598,Product,Odd Society Wallflower Gin 750 ml,"Wallflower Gin starts with 100% BC malted barley spirit.  Twelve local and exotic botanicals are added to create a gin with unique character that is rich and aromatic, yet light and refreshing.  Heartier botanicals, such as European juniper and BC cranberries are steeped for 12 hours prior to distillation, while more delicate botanicals such as rose, lavender and elderflower, are placed in a gin basket above the still allowing a new-world style gin, embracing old-world techniques.ABV 44%Awards:Silver (Gin) - San Francisco World Spirit Competition 2015",02af16_88eaeb480eba477ebb5e8542d2d163c6~mv2.jpg, Spirits; Lower Mainland;Odd Society Spirits,406579,,33.91,,true,PERCENT,0.0,InStock,,,,,,,,,,,,,,,,,,,,,CASE SIZE,6 x 750 ml,,,,,,,,,,,,,,,,,Odd Society Spirits
3599,Product,Odd Society Wallflower Barflower Gin 750 ml,"Wallflower Gin (Bar):&nbsp; This complex introvert is made from our 100% BC spirit infused with west coast and international botanicals. The result is a rich, floral, aromatic gin, that is unique, light and refreshing.Bar Gin (Barflower) 750 ml - 44% ABV",02af16_88eaeb480eba477ebb5e8542d2d163c6~mv2.jpg, Spirits; Lower Mainland;Odd Society Spirits,156318,,28.64,,false,PERCENT,0.0,InStock,,,,,,,,,,,,,,,,,,,,,CASE SIZE,6 x 750 ml,,,,,,,,,,,,,,,,,Odd Society Spirits
3600,Product,Odd Society Wallflower Gin 200 ml,"Wallflower Gin starts with 100% BC malted barley spirit.  Twelve local and exotic botanicals are added to create a gin with unique character that is rich and aromatic, yet light and refreshing.  Heartier botanicals, such as European juniper and BC cranberries are steeped for 12 hours prior to distillation, while more delicate botanicals such as rose, lavender and elderflower, are placed in a gin basket above the still allowing a new-world style gin, embracing old-world techniques.
ABV 44%
Awards:
Silver (Gin) - San Francisco World Spirit Competition 2015",02af16_88eaeb480eba477ebb5e8542d2d163c6~mv2.jpg, Spirits; Lower Mainland;Odd Society Spirits,419782,,10.13,,true,PERCENT,0.0,InStock,,,,,,,,,,,,,,,,,,,,,CASE SIZE,24 x 200 ml,,,,,,,,,,,,,,,,,Odd Society Spirits
3602,Product,Odd Society East Van Bar Vodka 750 ml,"Made from 100% malted barley grown in Prince George and malted in Armstrong, East Van Vodka passes through two European-made, copper pot stills before it is lightly filtered and proudly blended with pure Vancouver water.  Unlike most vodkas, East Van Vodka is not a completely neutral spirit. It is lightly fragrant, sweet-smelling and incredibly smooth. Consider it a single malt vodka.
Awards:
Gold (Branding)- Canadian Artisan Spirit Competition 2020
Gold (Vodka) - BC Distilled 2014
Silver (Vodka) - San Francisco World Spirit Competition 2014
Gold (Branding) - San Francisco World Spirit Competition 2014",02af16_21b0f6bcbc7549ecbd00fab7b9e6f983~mv2.jpg, Spirits; Lower Mainland;Odd Society Spirits,795856,,24.38,,false,PERCENT,0.0,InStock,,,,,,,,,,,,,,,,,,,,,CASE SIZE,12 x 750 ml,,,,,,,,,,,,,,,,,Odd Society Spirits
3603,Product,Odd Society East Van Vodka 200 ml,"Made from 100% malted barley grown in Prince George and malted in Armstrong, East Van Vodka is distilled in our small-batch, European-made, copper pot stills before being lightly filtered and proudly blended with purified Vancouver water. Unlike most vodkas, East Van Vodka is not a completely neutral spirit. It is lightly fragrant, sweet-smelling and incredibly smooth. Sip it straight if you want to. Consider it a single malt vodka. Also available in 750ml. Must be 19+ to order and receive the product. We will check the ID of the recipient at the time of delivery.Made from 100% malted barley grown in Prince George and malted in Armstrong, East Van Vodka is distilled in our small-batch, European-made, copper pot stills before being lightly filtered and proudly blended with purified Vancouver water.Unlike most vodkas, East Van Vodka is not a completely neutral spirit. It is lightly fragrant, sweet-smelling and incredibly smooth. Sip it straight if you want to. Consider it a single malt vodka.",02af16_21b0f6bcbc7549ecbd00fab7b9e6f983~mv2.jpg, Spirits; Lower Mainland;Odd Society Spirits,88235,,9.14,,false,PERCENT,0.0,InStock,,,,,,,,,,,,,,,,,,,,,CASE SIZE,24 x 200 ml,,,,,,,,,,,,,,,,,Odd Society Spirits
3889,Product,Odd Society Maple Rye Whisky 375 ml,"Limited edition Maple Rye Whisky. Rye is the quintessential Canadian spirit, so we put our new-make rye spirit in maple casks for this exclusive release and waited almost four years for it to age, then blended in a small amount of maple-smoked single malt to soften the edges.The resulting whisky is robust and spicy, with notes of dried apricots, cassia, and toasted marshmallow, with a lingering silky maple finish.46% ABV",02af16_6a1662ad515a4283ad13bd94816afa5a~mv2.png, Spirits; Lower Mainland;Odd Society Spirits,278893,SOLD OUT,26.57,,false,PERCENT,0.0,OutOfStock,,,,,,,,,,,,,,,,,,,,,CASE SIZE,12 x 375 ml,,,,,,,,,,,,,,,,,Odd Society Spirits
4279,Product,Odd Society Elderflower Liqueur 375 ml,"<p>This luscious liqueur is made from freshly picked BC grown elderflowers that are steeped within hours of picking. The rich, sweet florals blend perfectly with tropical and citrus flavours.&nbsp; Elderflower Liqueur is delicious on ice with a squeeze of lemon or mixed in a refreshing cocktail, perfect for patio sipping.</p>",02af16_031a23ed414b46a8ba16f260c5d1931c~mv2.png, Spirits; Lower Mainland;Odd Society Spirits,52934,,18.07,,false,PERCENT,0.0,OutOfStock,,,,,,,,,,,,,,,,,,,,,CASE SIZE,12 x 375 ml,,,,,,,,,,,,,,,,,Odd Society Spirits
4963,Product,Odd Society Salal Gin 375 ml,"We created our Salal Gin in the tradition of sloe gin using an abundant Pacific Northwest berry.  Salal berries are steeped in Wallflower Gin for weeks until the berry flavour and colour are deep and rich.  This creates a unique liqueur that is complex, sweet, tart and herbaceous.  On the nose, aromas of blueberry, caramel and lemon are met with a natural hint of oregano.On the palate, there is earthy blueberry and spice with sweet licorice.",02af16_3194fe18a3bf45c7bea80dad4a1dc375~mv2.png, Spirits; Lower Mainland;Odd Society Spirits,417345,,22.74,,true,PERCENT,0.0,InStock,,,,,,,,,,,,,,,,,,,,,CASE SIZE,12 x 375 ml,,,,,,,,,,,,,,,,,Odd Society Spirits
5062,Product,Odd Society Maple Canadian Single Malt Whisky 375 ml,"An ode to our Canadian spirit, this single malt whisky draws many of its unique flavours from the maple tree. We smoke our malted barley with maple wood. The distilled spirit is then aged for a minimum of three winters in oak casks that were previously used to age maple syrup.Robust, with slight smoke and a touch of silky maple sweetness this whisky is warm and rich enough to see you through a long cold winter.46% ABV",02af16_e24528e9d4f14a65a47ce7ed242e5696~mv2.png, Spirits; Lower Mainland;Odd Society Spirits,55457,,26.27,,false,PERCENT,0.0,OutOfStock,,,,,,,,,,,,,,,,,,,,,CASE SIZE,12 x 375 ml,,,,,,,,,,,,,,,,,Odd Society Spirits
9961,Product,Odd Society Wallflower Strawberry Gin 375 ml,"Odd Society Spirits' trademark gin blushes a gorgeous pink from being steeped in Fraser Valley strawberries grown at Driediger Farms and is being spotlighted in a limited run of Wallflower Strawberry Gin.
Infused with fragrant west-coast and international botanicals, this beguiling spirit boasts fresh and juicy strawberry notes that complement its signature citrus and floral profile.
Sweet on the nose and tart on the palate, this gin is exquisite in cocktails and makes a lovely addition to your favourite tonic.
40% ABV",02af16_223fd6e842354e24af9fadf74e7d59ab~mv2.png, Spirits; Lower Mainland;Odd Society Spirits,318975,,22.04,,true,PERCENT,0.0,InStock,,,,,,,,,,,,,,,,,,,,,CASE SIZE,12 x 375 ml,,,,,,,,,,,,,,,,,Odd Society Spirits
10252,Product,Odd Society Prospector Bar Rye Whisky 750 ml,"Prospector Rye Whisky is 100% Northern BC rye, we chose to use 100% rye to highlight the unique qualities of the grain, such as baking spice and Demerara. We use new barrels to impart intense vanilla and oak\nflavours in an effort to balance the natural heavy spice. Drink in a classic Manhattan.Nose: Vanilla, oak, brandied cherry, baking spice, prune, demerara sugar.Palate: Baking spice, ripe apricot, vanilla, cacao, eucalyptus, menthol, dry finish.750 ml&nbsp; - 46% ABV",02af16_ec4d5242c4ed4752955fee0c5c83ee06~mv2.jpg, Spirits; Lower Mainland;Odd Society Spirits,406093,,39.94,,true,PERCENT,0.0,InStock,,,,,,,,,,,,,,,,,,,,,CASE SIZE,6 x 750 ml,,,,,,,,,,,,,,,,,Odd Society Spirits
10354,Product,Odd Society Smoke & Oak Rauch Malt Whisky 375 ml,"The first in our new Smoke &amp; Oak series, our Rauch Malt Whisky includes beechwood smoked malt.  Rauch malt is traditionally used in German Rauch biers.  The beechwood smoke comes through subtly in both aroma and flavour.  After distillation, the new-make is aged in once-used American White Oak barrels for four years.",02af16_c5c6e52906904099bb485362eb69f39f~mv2.png, Spirits; Lower Mainland;Odd Society Spirits,365864-1,,27.93,,false,PERCENT,0.0,OutOfStock,,,,,,,,,,,,,,,,,,,,,CASE SIZE,12 x 375 ml,,,,,,,,,,,,,,,,,Odd Society Spirits
10473,Product,Odd Society Wallflower Strawberry Gin 750 ml,"Odd Society Spirits' trademark gin blushes a gorgeous pink from being steeped in Fraser Valley strawberries grown at Driediger Farms and is being spotlighted in a limited run of Wallflower Strawberry Gin.Infused with fragrant west-coast and international botanicals, this beguiling spirit boasts fresh and juicy strawberry notes that complement its signature citrus and floral profile.Sweet on the nose and tart on the palate, this gin is exquisite in cocktails and makes a lovely addition to your favourite tonic.40% ABV",02af16_223fd6e842354e24af9fadf74e7d59ab~mv2.png, Spirits; Lower Mainland;Odd Society Spirits,330059,,39.73,,true,PERCENT,0.0,InStock,,,,,,,,,,,,,,,,,,,,,CASE SIZE,12 x 750 ml,,,,,,,,,,,,,,,,,Odd Society Spirits
10832,Product,Odd Society Boneyard Anniversary Whisky 750 ml,"Boneyard is a very special, limited release to celebrate Odd Society's tenth anniversary.  In a unique nod to the ""Solera"" method, we save several litres from every whisky bottling and age them in two special casks, which we called our Boneyard  Casks.  The whisky is a natural blend of single malt, maple whisky, peated malt, rye and smoked malt.  The oldest addition is over seven years old and the youngest four and a half.  Odd Society has saved several litres from this release and started another Boneyard Barrel.The whisky itself is wonderfully unique, complex and balanced.Tasting Note:  caramel, vanilla, chocolatey orange, musk and leather, marzipan, nougat, hint of smoke  with a dry finish.",02af16_a7a1b383a130421b87b3b979c135f29b~mv2.png, Spirits; Lower Mainland;Odd Society Spirits,333425,,65.42,,false,PERCENT,0.0,OutOfStock,,,,,,,,,,,,,,,,,,,,,CASE SIZE,6 x 750 ml,,,,,,,,,,,,,,,,,Odd Society Spirits
11027,Product,Odd Society Robbie Burns Whisky 750 ml,"Odd Society is releasing its second whisky in honour of Robbie Burns. Scotland's national poet is known the world over for his work which centered on universal themes such as love and nature.
This release was aged for five years in once-used, American white oak, ex-rye barrels. It is a deliciously light, easy-sipping dram that is bright, smoky, and peaty with caramelized honey and straw on the nose. The palate has rich honey notes, chewy nut brittle, and a slightly spicy, mineral briny salinity. The whisky ends with a clean woodfire smoke finish. A beautiful tribute to an enduring master of words..",02af16_ce05cd2e444844aa9a2114c4812bea2d~mv2.png, Spirits; Lower Mainland;Odd Society Spirits,325764,,59.45,,false,PERCENT,0.0,OutOfStock,,,,,,,,,,,,,,,,,,,,,CASE SIZE,6 x 750 ml,,,,,,,,,,,,,,,,,Odd Society Spirits
11044,Product,Odd Society Port Barrel-Aged Gin 375 ml,"Produced by aging Wallflower Gin for up to two years in freshly emptied, port-style barrels from Unsworth and Burrowing Owl wineries.  Over time, each barrel contributes its own unique port flavours.  We then combined the barrels for a one-of-a-kind blend.The gin begins with notes of prune and stewed fruit with underlying strawberry and cherry flavours.  There is also a candied citrus undertone along with dried cranberries and raisins, reminiscent of fruit leather.  It has a very long rich finish that is bold, yet soothing and refined.",02af16_c16c12a393f0449bbed2aa949064a38f~mv2.png, Spirits; Lower Mainland;Odd Society Spirits,493922,,22.28,,false,PERCENT,0.0,OutOfStock,,,,,,,,,,,,,,,,,,,,,CASE SIZE,12 x 375 ml,,,,,,,,,,,,,,,,,Odd Society Spirits
11309,Product,Odd Society Garryana Oak Whisky 375 ml,"This whisky includes malt that has been smoked with Garry wood, the only Oak species native to BC.
Tobacco smoke on the nose and a rich, buttery mouthfeel.  The flavour is reminiscent of burnt brown sugar sweetness and graham cracker biscuity flavour.
Aged four years in once-used American White Oak barrels.",02af16_de1745f85fcf473592a3e4c79f03baf9~mv2.png, Spirits; Lower Mainland;Odd Society Spirits,365864,,27.94,,false,PERCENT,0.0,OutOfStock,,,,,,,,,,,,,,,,,,,,,CASE SIZE,12 x 375 ml,,,,,,,,,,,,,,,,,Odd Society Spirits
11070,Product,Ones Sparkling White 750 ml,"Appellation: Okanagan Valley, CanadaGrapes: ChardonnayNutrition: 0 grams sugar, 0 grams carbohydratesAlcohol: &lt;0.5%Calories: 18 calories/glass",9a5bba_3764afaf33914f618f7b4e07dc91042b~mv2.jpg, Sparkling;Non Alcoholic; Okanagan;Ones+ Non-Alc BC Wine; Wine,628942690044,,17.5,,true,PERCENT,0.0,InStock,,,,,,,,,,,,,,,,,,,,,CASE SIZE,12 x 750 ml,,,,,,,,,,,,,,,,,Ones
10661,Product,Ones Sparkling Rosé 750 ml,"Appellation: Okanagan Valley, CanadaGrapes: Merlot, Malbec, Pinot Noir, Syrah, &amp; Cabernet FrancNutrition: 0 grams sugar, 0 grams carbohydratesAlcohol: &lt;0.5%Calories: 18 calories/glass",9a5bba_da79fecbad51424f9be6999321670a59~mv2.webp,Non Alcoholic; Rosé; Okanagan;Ones+ Non-Alc BC Wine; Wine,626990424055,,17.5,,true,PERCENT,0.0,InStock,,,,,,,,,,,,,,,,,,,,,CASE SIZE,12 x 750 ml,,,,,,,,,,,,,,,,,Ones
10530,Product,Ones Sparkling Red 750 ml,"Appellation: Okanagan Valley, CanadaGrapes: Cabernet Sauvignon &amp; MalbecNutrition: 0 grams sugar, 0 grams carbohydratesAlcohol: &lt;0.5%Calories: 18/glass",9a5bba_27afd24f3dfd4883b2295150c46008e3~mv2.webp,Non Alcoholic; Okanagan;Ones+ Non-Alc BC Wine; Red; Wine,626990424062,,17.5,,true,PERCENT,0.0,InStock,,,,,,,,,,,,,,,,,,,,,CASE SIZE,12 x 750 ml,,,,,,,,,,,,,,,,,Ones
11324,Product,Ones Cabernet Sauvignon Red 750 ml,"Appellation: Okanagan Valley, CanadaGrapes: Cabernet Sauvignon Nutrition: 0 grams sugar, 0 grams carbohydratesAlcohol: &lt;0.5%Calories: 18/glass",9a5bba_a91d2fe48a9747989457f4252d0364c6~mv2.webp,Non Alcoholic; Okanagan;Ones+ Non-Alc BC Wine; Red; Wine,628942689987,,21.99,,false,PERCENT,0.0,OutOfStock,,,,,,,,,,,,,,,,,,,,,CASE SIZE,12 x 750 ml,,,,,,,,,,,,,,,,,Ones
11326,Product,Ones Cabernet Merlot Red 750 ml,"Appellation: Okanagan Valley, CanadaGrapes: Cabernet Sauvignon &amp; MerlotNutrition: 0 grams sugar, 0 grams carbohydratesAlcohol: &lt;0.5%Calories: 18/glass",9a5bba_a91d2fe48a9747989457f4252d0364c6~mv2.webp,Non Alcoholic; Okanagan;Ones+ Non-Alc BC Wine; Red; Wine,628942690013,,21.99,,true,PERCENT,0.0,InStock,,,,,,,,,,,,,,,,,,,,,CASE SIZE,12 x 750 ml,,,,,,,,,,,,,,,,,Ones
11327,Product,Ones Cabernet Franc 750 ml,"Appellation: Okanagan Valley, CanadaGrapes: Cabernet FrancNutrition: 0 grams sugar, 0 grams carbohydratesAlcohol: &lt;0.5%Calories: 18/glass",7c9ba4_e94648e896b4450cb64c84d266797152~mv2.png,Non Alcoholic; Okanagan;Ones+ Non-Alc BC Wine; Red; Wine,628942937880,,21.99,,false,PERCENT,0.0,OutOfStock,,,,,,,,,,,,,,,,,,,,,CASE SIZE,12 x 750 ml,,,,,,,,,,,,,,,,,Ones
1277,Product,Salt Spring Wild Traditional Dry,"A wild fermented, full-bodied cider with light citrus notes and a clean, dry, tannic finish. This cider is made from over 30 varieties of entirely organic apples, including English Bittersweet varieties and heirloom varieties picked from historic Salt Spring orchards that were originally planted for hard cider production in the late 1800's.",02af16_80047b98041b4c7db731065038bbda34~mv2.jpg, Gulf Islands; Cider;Salt Spring Wild Cider House,510222,,13.5,,true,PERCENT,0.0,InStock,,,,,,,,,,,,,,,,,,,,,CASE SIZE,12 x 750 ml,,,,,,,,,,,,,,,,,Salt Spring Wild Cider House
1278,Product,Salt Spring Wild Traditional Dry-Keg,"A wild fermented, full-bodied cider with light citrus notes and a clean, dry, tannic finish. This cider is made from over 30 varieties of entirely organic apples, including English Bittersweet varieties and heirloom varieties picked from historic Salt Spring orchards that were originally planted for hard cider production in the late 1800's.",, Keg; Gulf Islands; Cider;Salt Spring Wild Cider House,202008,,180.0,,false,PERCENT,0.0,OutOfStock,,,,,,,,,,,,,,,,,,,,,CASE SIZE,1 x 20 litre,,,,,,,,,,,,,,,,,Salt Spring Wild Cider House
1280,Product,Salt Spring Wild Traditional Semi-Dry,"Slightly sweeter than our dry cider, with earthy notes and good acidity. This cider is also made from over 20 varieties of entirely organic apples (completely different apples from the dry cider) including French cider varieties and heirloom apples picked from historic Salt Spring orchards.",02af16_3ece8df607da4e529614a5073b0164f3~mv2.jpeg, Gulf Islands; Cider;Salt Spring Wild Cider House,547828,,13.5,,true,PERCENT,0.0,InStock,,,,,,,,,,,,,,,,,,,,,CASE SIZE,12 x 750 ml,,,,,,,,,,,,,,,,,Salt Spring Wild Cider House
1281,Product,Salt Spring Wild Traditional Semi-Dry - Keg,"Slightly sweeter than our dry cider, with earthy notes and good acidity. This cider is also made from over 20 varieties of entirely organic apples (completely different apples from the dry cider) including French cider varieties and heirloom apples picked from historic Salt Spring orchards.",02af16_b7ee7ef2290e4cc4a31dac2157017ea8~mv2.png, Keg; Gulf Islands; Cider;Salt Spring Wild Cider House,182530,,180.0,,true,PERCENT,0.0,InStock,,,,,,,,,,,,,,,,,,,,,CASE SIZE,1 x 20 litre,,,,,,,,,,,,,,,,,Salt Spring Wild Cider House
1283,Product,Salt Spring Wild Hopped Apricot,"A unique and refreshing cider with a stone fruit, lychee, grapefruit, and apricot nose. Made with organic apples and four kinds of organic hops, we infuse this cider with hops and back-sweeten it lightly with apricot nectar.",02af16_50f54252c22e435cad83d001f851c778~mv2.jpeg, Gulf Islands; Cider;Salt Spring Wild Cider House,400671,,13.5,,true,PERCENT,0.0,InStock,,,,,,,,,,,,,,,,,,,,,CASE SIZE,12 x 750 ml,,,,,,,,,,,,,,,,,Salt Spring Wild Cider House
1284,Product,Salt Spring Wild Hopped Apricot - Keg,,02af16_b7ee7ef2290e4cc4a31dac2157017ea8~mv2.png, Keg; Gulf Islands; Cider;Salt Spring Wild Cider House,202042,,180.0,,false,PERCENT,0.0,OutOfStock,,,,,,,,,,,,,,,,,,,,,CASE SIZE,1 x 20 litre,,,,,,,,,,,,,,,,,Salt Spring Wild Cider House
1286,Product,Salt Spring Wild Barrel Aged Muscat,"The first of The Barrel Series...This cidré is crafted with Salt Spring Island apples and aged in French oak barrels, previously used for Muscat wine. Rich, creamy mouthfeel and a nuanced Muscat taste. Hints of lavender and stone fruit. Pairs well with pastas, white meats, fish, smoked tofu, salamis and strong cheeses.",02af16_0480260920644372b30f63386bfee797~mv2.jpg, Gulf Islands; Cider;Salt Spring Wild Cider House,168958,,13.5,,false,PERCENT,0.0,OutOfStock,,,,,,,,,,,,,,,,,,,,,CASE SIZE,12 x 750 ml,,,,,,,,,,,,,,,,,Salt Spring Wild Cider House
1288,Product,Salt Spring Wild Elderberry/Flower,"Beautiful Elderflower nose, tart and lightly sweet at the same time. Made with organic apples, and organic Vancouver Island elderberries and flowers.",02af16_e6f1169bfd0b413694e47f7c860e7551~mv2.jpeg, Gulf Islands; Cider;Salt Spring Wild Cider House,539908,,13.5,,true,PERCENT,0.0,InStock,,,,,,,,,,,,,,,,,,,,,CASE SIZE,12 x 750 ml,,,,,,,,,,,,,,,,,Salt Spring Wild Cider House
1289,Product,Salt Spring Wild Elderberry/Flower - Keg,"Beautiful Elderflower nose, tart and lightly sweet at the same time. Made with organic apples, and organic Vancouver Island elderberries and flowers.",02af16_b7ee7ef2290e4cc4a31dac2157017ea8~mv2.png, Keg; Gulf Islands; Cider;Salt Spring Wild Cider House,202039,,180.0,,true,PERCENT,0.0,InStock,,,,,,,,,,,,,,,,,,,,,CASE SIZE,1 x 20 litre,,,,,,,,,,,,,,,,,Salt Spring Wild Cider House
1291,Product,Salt Spring Wild Pear Cider,"A true Perry (no apples) with champagne-like effervescence. Fruity nose with a delicate pear finish. Made with several varieties of wild-fermented Salt Spring and B.C. organic pears, including Perry pears and heritage eating varieties.",02af16_458cbdb9f9414edfb0e0b7773656a52e~mv2.jpeg, Gulf Islands; Cider;Salt Spring Wild Cider House,443135,,13.5,,false,PERCENT,0.0,OutOfStock,,,,,,,,,,,,,,,,,,,,,CASE SIZE,12 x 750 ml,,,,,,,,,,,,,,,,,Salt Spring Wild Cider House
1293,Product,Salt Spring Wild Ginger Root,"Nicely balanced with an earthy sweetness. A very fragrant, delicate and rich cider that is not overly spicy or sweet. Made with organic apples and fresh-pressed organic ginger.",02af16_2df6aa7c0e054bd68c745afb808d0c49~mv2.jpeg, Gulf Islands; Cider;Salt Spring Wild Cider House,2830,,13.5,,false,PERCENT,0.0,OutOfStock,,,,,,,,,,,,,,,,,,,,,CASE SIZE,12 x 750 ml,,,,,,,,,,,,,,,,,Salt Spring Wild Cider House
1294,Product,Salt Spring Wild Ginger Root - Keg,"Nicely balanced with an earthy sweetness. A very fragrant, delicate and rich cider that is not overly spicy or sweet. Made with organic apples and fresh-pressed organic ginger.",02af16_b7ee7ef2290e4cc4a31dac2157017ea8~mv2.png, Keg; Gulf Islands; Cider;Salt Spring Wild Cider House,201999,,180.0,,false,PERCENT,0.0,OutOfStock,,,,,,,,,,,,,,,,,,,,,CASE SIZE,1 x 20 litre,,,,,,,,,,,,,,,,,Salt Spring Wild Cider House
1296,Product,Salt Spring Wild Plum Cider,"Lightly sweet, gently tannic and a touch acidic. Hints of both fresh and cooked plums with a lovely almond nose. Made with wild-fermented organic prune plums and co-aged with organic apple cider.",02af16_d889acb99ce04242a5c5bf961d64cffb~mv2.jpeg, Gulf Islands; Cider;Salt Spring Wild Cider House,77263,,14.5,,true,PERCENT,0.0,InStock,,,,,,,,,,,,,,,,,,,,,CASE SIZE,12 x 750 ml,,,,,,,,,,,,,,,,,Salt Spring Wild Cider House
1298,Product,Salt Spring Wild Farmhouse Scrumpy,"A wild fermented, strong cider that has a light funkiness with a tannic mouthfeel. Made with organic non-traditional cider apples like crabs and other funky heritage apples picked from Salt Springs' historic orchards.",02af16_01561759a00d48d793b192ec3c033bd8~mv2.jpeg, Gulf Islands; Cider;Salt Spring Wild Cider House,131315,,13.5,,true,PERCENT,0.0,InStock,,,,,,,,,,,,,,,,,,,,,CASE SIZE,12 x 750 ml,,,,,,,,,,,,,,,,,Salt Spring Wild Cider House
1537,Product,Salt Spring Wild Farmhouse Scrumpy - Keg,,02af16_b7ee7ef2290e4cc4a31dac2157017ea8~mv2.png, Keg; Gulf Islands; Cider;Salt Spring Wild Cider House,,,200.0,,false,PERCENT,0.0,OutOfStock,,,,,,,,,,,,,,,,,,,,,CASE SIZE,1 x 20 litre,,,,,,,,,,,,,,,,,Salt Spring Wild Cider House
1299,Product,Salt Spring Wild Pear Cider- Keg,"A true Perry (no apples) with champagne-like effervescence. Fruity nose with a delicate pear finish. Made with several varieties of wild-fermented Salt Spring and B.C. organic pears, including Perry pears and heritage eating varieties.",02af16_b7ee7ef2290e4cc4a31dac2157017ea8~mv2.png, Keg; Gulf Islands; Cider;Salt Spring Wild Cider House,,,200.0,,false,PERCENT,0.0,OutOfStock,,,,,,,,,,,,,,,,,,,,,CASE SIZE,1 x 20 litre,,,,,,,,,,,,,,,,,Salt Spring Wild Cider House
1301,Product,Salt Spring Wild Bitter Orange Rosemary,"An aromatic seasonal cider with a fantastic spicy palette, hints of spring berries and a sweet whisper of orange and sumac liqueur. Followed up&nbsp;with tangy&nbsp;bitter&nbsp;orange&nbsp;that paves the way for a&nbsp;crisp, dry finish.&nbsp;Made with organic apples, Legend Distillery's “Manitou”, and local rosemary.",02af16_14e479dd9d8041eead1e13751b138667~mv2.jpeg, Gulf Islands; Cider;Salt Spring Wild Cider House,196235,,13.5,,true,PERCENT,0.0,InStock,,,,,,,,,,,,,,,,,,,,,CASE SIZE,12 x 750 ml,,,,,,,,,,,,,,,,,Salt Spring Wild Cider House
1302,Product,Salt Spring Wild Bitter Orange Rosemary - Keg,"An aromatic seasonal cider with a fantastic spicy palette, hints of spring berries and a sweet whisper of orange and sumac liqueur. Followed up&nbsp;with tangy&nbsp;bitter&nbsp;orange&nbsp;that paves the way for a&nbsp;crisp, dry finish.&nbsp;Made with organic apples, Legend Distillery's “Manitou”, and local rosemary.",02af16_b7ee7ef2290e4cc4a31dac2157017ea8~mv2.png, Keg; Gulf Islands; Cider;Salt Spring Wild Cider House,202005,,180.0,,true,PERCENT,0.0,InStock,,,,,,,,,,,,,,,,,,,,,CASE SIZE,1 x 20 litre,,,,,,,,,,,,,,,,,Salt Spring Wild Cider House
1304,Product,Salt Spring Wild Red Grapefruit,"A fully refreshing cider that offers a tonne of mouth-watering, tart tang with just a hint of familiar red grapefruit sweetness that leaves your tastebuds yearning for more. Made with local organic apples and California red grapefruits.",02af16_4238243329894f9c88e04bcaa09b7b76~mv2.jpg, Gulf Islands; Cider;Salt Spring Wild Cider House,253308,,13.5,,true,PERCENT,0.0,InStock,,,,,,,,,,,,,,,,,,,,,CASE SIZE,12 x 750 ml,,,,,,,,,,,,,,,,,Salt Spring Wild Cider House
1305,Product,Salt Spring Wild Red Grapefruit - Keg,"A fully refreshing cider that offers a tonne of mouth-watering, tart tang with just a hint of familiar red grapefruit sweetness that leaves your tastebuds yearning for more. Made with local organic apples and California red grapefruits.",02af16_b7ee7ef2290e4cc4a31dac2157017ea8~mv2.png, Keg; Gulf Islands; Cider;Salt Spring Wild Cider House,64803,,180.0,,false,PERCENT,0.0,OutOfStock,,,,,,,,,,,,,,,,,,,,,CASE SIZE,1 x 20 litre,,,,,,,,,,,,,,,,,Salt Spring Wild Cider House
1307,Product,Salt Spring Wild Pineapple Amaro,"Made with fresh pineapple, organic apples and Pacific Northwest Amaro by Vancouver's Woods Spirit Co. The result is a refreshing pineapple cider with just a hint of bitterness provided by the Amaro. Hints of wormwood, rhubarb and Grand Fir from the Amaro contrast nicely with the fresh lively acidity of the pineapple. A perfect drink for summer and beyond.",02af16_e5d11c4bb82941fab69b3d55e98bc150~mv2.jpg, Gulf Islands; Cider;Salt Spring Wild Cider House,50565,,12.5,,false,PERCENT,0.0,OutOfStock,,,,,,,,,,,,,,,,,,,,,CASE SIZE,12 x 750 ml,,,,,,,,,,,,,,,,,Salt Spring Wild Cider House
1310,Product,Salt Spring Wild Ice Cider,"Our Ice Cider is made by extracting the sweetest essence of frozen apples from apples hand-picked from Salt Spring's historic orchards. Pressed on our farm, this high sugar juice undergoes a long, slow ferment, creating a still dessert cider that walks the line between cider and brandy. Enjoy chilled. 13% alc/vol",02af16_58a139c46e374ccdbbb143393f253d09~mv2.jpeg, Gulf Islands; Cider;Salt Spring Wild Cider House,487116,,21.75,,false,PERCENT,0.0,OutOfStock,,,,,,,,,,,,,,,,,,,,,CASE SIZE,12 x 375 ml,,,,,,,,,,,,,,,,,Salt Spring Wild Cider House
2459,Product,Salt Spring Wild Plum Cider - Keg,,02af16_b7ee7ef2290e4cc4a31dac2157017ea8~mv2.png, Keg; Gulf Islands; Cider;Salt Spring Wild Cider House,,,200.0,,false,PERCENT,0.0,OutOfStock,,,,,,,,,,,,,,,,,,,,,CASE SIZE,1 x 20 litre,,,,,,,,,,,,,,,,,Salt Spring Wild Cider House
2460,Product,Salt Spring Wild Saskatoon Berry,"<p>Blended local berries with even more local apples for a simple cider that teases your taste buds in the just the right way. Dry, earthy berries, simple and uncomplicated.</p>",7c9ba4_739146202105451eb5750cbefea46f7a~mv2.png, Gulf Islands; Cider;Salt Spring Wild Cider House,14376,,14.5,,true,PERCENT,0.0,InStock,,,,,,,,,,,,,,,,,,,,,CASE SIZE,12 x 750 ml,,,,,,,,,,,,,,,,,Salt Spring Wild Cider House
10849,Product,Salt Spring Wild Rhubarb,"We used organic apples, fresh rhubarb, and a little organic sugar to finish, resulting in a gently tart tasty cider that is not too sweet and tastes simply of rhubarb and apples.",02af16_c662ac226e774f1693af1a4a73f4439a~mv2.png, Gulf Islands; Cider;Salt Spring Wild Cider House,399111,,13.5,,true,PERCENT,0.0,InStock,,,,,,,,,,,,,,,,,,,,,CASE SIZE,12 x 750 ml,,,,,,,,,,,,,,,,,Salt Spring Wild Cider House
3272,Product,Salt Spring Wild Rhubarb Cider - Keg,"Organic apples, fresh rhubarb and a little organic sugar to finish, resulting in a gently tart, tasty cider that is not too sweet and tastes simply of rhubarb and apples.",02af16_b7ee7ef2290e4cc4a31dac2157017ea8~mv2.png, Keg; Gulf Islands; Cider;Salt Spring Wild Cider House,399127,,180.0,,false,PERCENT,0.0,OutOfStock,,,,,,,,,,,,,,,,,,,,,CASE SIZE,1 x 20 litre,,,,,,,,,,,,,,,,,Salt Spring Wild Cider House
4052,Product,Salt Spring Wild Champagnoise Style Pet Nat,"Chisel Jersey, Calville Blanc, Porters Perfection, Golden Russert, Yarlington Mill, and Tremlettes Bitter apples, all grown on our farm.  Hand-pressed, fermented naturally in low temps and then bottled with remaining residual sugar. The bottled cider is aged on its side for almost a year, then riddled and disgorged (i.e. removed the yeast). This is a complex cider: perfect tannins, very clean, bright, and endlessly crushable. No residual or added sugars makes it exquisitely dry. 6.7% ABV - 750 ml Bottle",02af16_8b111f103c274329a4f6c065c811eab4~mv2.png, Gulf Islands; Cider;Salt Spring Wild Cider House,194486,,15.0,,true,PERCENT,0.0,InStock,,,,,,,,,,,,,,,,,,,,,CASE SIZE,12 x 750 ml,,,,,,,,,,,,,,,,,Salt Spring Wild Cider House
4054,Product,Salt Spring Wild Pet Nat Natural Cider,"Chisel Jersey, Calville Blanc, Porters Perfection, Golden Russert, Yarlington Mill, and Tremlettes Bitter apples, all grown on our farm and hand-pressed, fermented naturally in low temps and then bottled with remaining residual sugar. The bottled cider aged on its side for almost a year. We did not disgorge the residual lees, and this cider has a somewhat fuller-bodied character than our Cider Champagnoise, with some nicely rounded tannins and a hint more earthiness.Fermented in a process called pétillant naturel, better known as pét-nat.  Pét-nats are bottled before completing their first fermentation6.7% ABV - 750 ml Bottle",02af16_8832f6f71cf6436b8c1cb0d7fd028877~mv2.png, Gulf Islands; Cider;Salt Spring Wild Cider House,398713,,15.0,,false,PERCENT,0.0,InStock,,,,,,,,,,,,,,,,,,,,,CASE SIZE,12 x 750 ml,,,,,,,,,,,,,,,,,Salt Spring Wild Cider House
10683,Product,Salt Spring Wild Tepache - Keg,"A traditional Mexican/Central American beverage that is made from fermented pineapple with just a hint of cinnamon and habanero pepper (it's not hot spicy, though, don't worry). Our cidermaker added a bit of ginger to round the flavour out, too, and blended it with apple cider. 
It's been a big hit in the tasting room, and we think it's wild and unique enough to go well with the adventurous craft beer tasting room set.""",02af16_b7ee7ef2290e4cc4a31dac2157017ea8~mv2.png, Keg; Gulf Islands; Cider;Salt Spring Wild Cider House,202034,,200.0,,false,PERCENT,0.0,OutOfStock,,,,,,,,,,,,,,,,,,,,,CASE SIZE,1 x 20 litre,,,,,,,,,,,,,,,,,Salt Spring Wild Cider House
10853,Product,Salt Spring Wild Maple Bourbon,"We fermented fresh pressed organic BC apricots and apples and aged them for over 7 months in charred Bourbon barrels that had been repurposed and used for maple syrup. The result is a rich cider with many layers: butter, oak, bourbon, and creamy, smooth yet tart apricot, with hints of delicate apricot skin and maple. Back-sweetened with organic dark maple syrup.",02af16_877dd16484ef4de59ea77d98d9f90735~mv2.png, Gulf Islands; Cider;Salt Spring Wild Cider House,83887,,13.5,,false,PERCENT,0.0,OutOfStock,,,,,,,,,,,,,,,,,,,,,CASE SIZE,12 x 750 ml,,,,,,,,,,,,,,,,,Salt Spring Wild Cider House
10882,Product,Salt Spring Wild Strawberry Rhubarb Pie - Keg,"Semi-dry apple cider blended post-ferment with pressed organic strawberries and rhubarb, with just a hint of cinnamon and spice added as well. Sweeter but still very balanced.  A great complement to the holiday season.",02af16_b7ee7ef2290e4cc4a31dac2157017ea8~mv2.png, Keg; Gulf Islands; Cider;Salt Spring Wild Cider House,123690,,200.0,,false,PERCENT,0.0,OutOfStock,,,,,,,,,,,,,,,,,,,,,CASE SIZE,1 x 20 litre,,,,,,,,,,,,,,,,,Salt Spring Wild Cider House
11336,Product,Salt Spring Wild Pet Nat de l'Historien,"Named for the famed SSI apple growers and historians who supplied us with some 40 varieties of completely unique and wonderful apples for this project. (Catshead, Golden Noble, Fallawater, Ralls' Genet, and Shiawassee, to name a few.) Slow native yeast fermentation allows the diversity of these apples to really shine through. The apples in this cider are picked from the wild old orchards of Salt Spring Island and hand-pressed on our rack &amp; cloth press at our Fermented in a process called pétillant naturel, better known as pét-nat.  Pét-nats are bottled before completing their first fermentation6.6% ABV - 750 ml Bottle",02af16_2e1fef2ce84b4e4d96c22f51d4445a5e~mv2.png, Gulf Islands; Cider;Salt Spring Wild Cider House,398713-1,,15.0,,false,PERCENT,0.0,OutOfStock,,,,,,,,,,,,,,,,,,,,,CASE SIZE,12 x 750 ml,,,,,,,,,,,,,,,,,Salt Spring Wild Cider House
11361,Product,Salt Spring Wild Blackberry Yuzu - 355 ml,<p>Blackberry and Yuzu. Subtle sweetness of blackberry with the slight bitterness of Yuzu (Japanese citrus). 6.3% ABV</p><p>&nbsp;</p><p>Order minimum 1 flat = 24 cans&nbsp;</p>,02af16_2dff9d5d93d147a5b643a837c87e44e2~mv2.png, Gulf Islands; Cider;Salt Spring Wild Cider House,326559,,4.55,,true,PERCENT,0.0,InStock,,,,,,,,,,,,,,,,,,,,,CASE SIZE,1 x 355 ml,,,,,,,,,,,,,,,,,Salt Spring Wild Cider House
11335,Product,Salt Spring Wild Blackberry Yuzu- Keg,"Blackberry and Yuzu.  Subtle sweetness of blackberry with the slight bitterness of Yuzu (Japanese citrus).6.3% ABV",02af16_b7ee7ef2290e4cc4a31dac2157017ea8~mv2.png, Keg; Gulf Islands; Cider;Salt Spring Wild Cider House,326564,Back Dec 3rd,180.0,,true,PERCENT,0.0,OutOfStock,,,,,,,,,,,,,,,,,,,,,CASE SIZE,1 x 20 litre,,,,,,,,,,,,,,,,,Salt Spring Wild Cider House
11364,Product,Salt Spring Wild Traditional Dry - 355 ml,"Full-bodied cider with light citrus notes and a clean, dry, tannic finish.
6.5% ABV",02af16_a2b8840e10014a6990a6a2f0c7ea449c~mv2.png, Gulf Islands; Cider;Salt Spring Wild Cider House,326544,,4.55,,true,PERCENT,0.0,InStock,,,,,,,,,,,,,,,,,,,,,CASE SIZE,1 x 355 ml,,,,,,,,,,,,,,,,,Salt Spring Wild Cider House
10421,Product,Sea Star NV Bulla Maris,"<p>Done in the Charmat method, our sparkling rosé made from Chardonnay and Merlot, is lively and effervescent, tasting of summer berries and rhubarb. Serve this versatile fizz well-chilled from brunch to dessert, with fresh oysters, soft cheeses, fruit or cakes.</p>",02af16_b6488d135fd54ac6b85ef839791c4782~mv2.png, Wine; Sparkling;Sea Star Vineyards; Gulf Islands,392022,TEMPORARY PRICE REDUCTION,23.6,,true,AMOUNT,2.61,InStock,,,,,,,,,,,,,,,,,,,,,CASE SIZE,12 x 750 ml,,,,,,,,,,,,,,,,,Sea Star Vineyards
9956,Product,Sea Star 2021 J35 Sparkling,"Sea Star's latest environmental project to raise funds for the Southern Resident Killer Whale conservation program at Raincoast Conservation Foundation.
Prosecco-style sparkling wine made from 100% Pinot Gris. 
Proceeds donated to protect orcas in the Salish Sea.",02af16_ee1b19ee86ae4ffeb7ac40e744a3a86c~mv2.png, Wine; Sparkling;Sea Star Vineyards; Gulf Islands,445018-1,,20.32,,false,PERCENT,0.0,InStock,,,,,,,,,,,,,,,,,,,,,CASE SIZE,12 x 750 ml,,,,,,,,,,,,,,,,,Sea Star Vineyards
9958,Product,Sea Star 2018 Prose - 375 ml,"Dessert wine made from Riesling.
Aromas of green apple, flavours of peaches and honey",02af16_bb7e0e2e6d764fb9b81d4c36aa519880~mv2.png, Wine; Rosé;Sea Star Vineyards; Gulf Islands,445018-1-1,,20.32,,false,PERCENT,0.0,InStock,,,,,,,,,,,,,,,,,,,,,CASE SIZE,12 x 375 ml,,,,,,,,,,,,,,,,,Sea Star Vineyards
4278,Product,Sea Star 2024 Intertidal Rose,"Sea Star’s newest rosé, Intertidal, is perfect for the patio. Bold red fruit and a crisp finish characterize this blend of Bacchus, Pinot Noir and Gamay.",02af16_355ad690353a44e8b0591843b3f950c8~mv2.png, Wine; Rosé;Sea Star Vineyards; Gulf Islands,428811,NEW ARRIVAL,20.32,,true,PERCENT,0.0,InStock,,,,,,,,,,,,,,,,,,,,,CASE SIZE,12 x 750 ml,,,,,,,,,,,,,,,,,Sea Star Vineyards
4273,Product,Sea Star 2024 Stella Maris,"<p>Made from 100% Siegerrebe, from our Clam Bay Vineyards.&nbsp; &nbsp;Fermented in 100% Stainless Steel.</p><p>&nbsp;</p><p>This aromatic wine is bursting with aromas of blossom, stone fruit, peaches, and apricots, and has a zesty finish.</p>",02af16_76a90c14585c407689af8bc9dcb8a0a2~mv2.png, Wine; White;Sea Star Vineyards; Gulf Islands,582551,,18.82,,true,PERCENT,0.0,OutOfStock,,,,,,,,,,,,,,,,,,,,,CASE SIZE,12 x 750 ml,,,,,,,,,,,,,,,,,Sea Star Vineyards
4430,Product,Sea Star Coriolis NV,"<p>This dry field blend is a vibrant and approachable combination of varietals that showcase fresh green grapes, granny smith apples, and pears.</p>",02af16_6614ce9883d74828ac647eca1e1c4f2c~mv2.png, Wine; White;Sea Star Vineyards; Gulf Islands,420329,,17.99,,true,PERCENT,0.0,InStock,,,,,,,,,,,,,,,,,,,,,CASE SIZE,12 x 750 ml,,,,,,,,,,,,,,,,,Sea Star Vineyards
4431,Product,Sea Star 2024 Ortega,"<p>100% Ortega grapes came from Sea Star's vineyard at Clam Bay Farm.&nbsp;Grapes were destemmed, crushed, pressed andcold settled. After fermentation in 100% stainless steel, the wine was left on its fine lees to addtexture before being racked and bottled.</p><p>&nbsp;</p><p>This varietal is sought after for its bright, floral bouquet and crisp acidity. Light and refreshing, made from our island’s Ortega grapes, the varietal is on full display in this wine. Flavours of tropical fruits and a crisp, clean finish make this a wine that<br>pairs perfectly with a variety of seafood dishes, spicy dishes like Thai green curry, Manchego cheese, or enjoyed on its own on the patio.</p>",02af16_7672c6b1be99475abe2306565559a03e~mv2.png, Wine; White;Sea Star Vineyards; Gulf Islands,62462,,20.32,,true,PERCENT,0.0,InStock,,,,,,,,,,,,,,,,,,,,,CASE SIZE,12 x 750 ml,,,,,,,,,,,,,,,,,Sea Star Vineyards
4432,Product,Sea Star 2024 Salish Sea,"Coaxing out the best qualities of Ortega and Siegerrebe, our winemaker has captured the aromas of melon, pineapple and herbs. The bright acidity of this expressive and aromatic wine is balanced with a medley of tropical fruit flavours, creating an excellent partner to garden fresh vegetables and zesty salsas.",02af16_a4738b1e400348d097b8c814713d97ec~mv2.png, Wine; White;Sea Star Vineyards; Gulf Islands,454751,Coming Soon,20.32,,false,PERCENT,0.0,OutOfStock,,,,,,,,,,,,,,,,,,,,,CASE SIZE,12 x 750 ml,,,,,,,,,,,,,,,,,Sea Star Vineyards
4433,Product,Sea Star 2024 Blanc de Noir,"<p>Crafted as a true “white from black,” Sea Star’s premium Blanc de Noir results&nbsp;from the gentlest handling of the fruit to ensure virtually no skin contact with the free running juice. This gravity extraction captures the delicate character of the supple vascular bundles of our Pinot Noir grapes.</p>",02af16_c5de3d159c574cb289c2dd71a9bffff6~mv2.png, Wine; White;Sea Star Vineyards; Gulf Islands,42515,,20.32,,true,PERCENT,0.0,InStock,,,,,,,,,,,,,,,,,,,,,CASE SIZE,12 x 750 ml,,,,,,,,,,,,,,,,,Sea Star Vineyards
9954,Product,Sea Star 2023 Luna Maris,<p>Prosecco-style sparkling wine made from a blend of two different Pinot Blanc grapes. Luna Maris’ bright acidity is balanced with hints of brioche and a velvety depth.</p>,7c9ba4_e876947bb57b4b6989f4528638d6ef1c~mv2.png, Wine; White;Sea Star Vineyards; Gulf Islands,445018,TEMPORARY PRICE REDUCTION,27.73,,true,AMOUNT,6.74,InStock,,,,,,,,,,,,,,,,,,,,,CASE SIZE,12 x 750 ml,,,,,,,,,,,,,,,,,Sea Star Vineyards
11186,Product,Sea Star 2022 Chardonnay,"<p>Experience a unique take on this classic Burgundian varietal with Sea Star 2022 Chardonnay. Ours shines with bright acidity and pleasant, subtle oak character, complemented by tantalizing notes of green apple, pear, and toasted nuts on the palate. This exquisite Chardonnay pairs brilliantly with fatty Pacific Northwest salmon or poultry with butter and herbs, enhancing your dining experience with sophistication. Discover the perfect balance of tradition and innovation in every sip. Elevate your collection with Sea Star 2022 Chardonnay, where quality meets extraordinary craftsmanship.</p>",02af16_ed165ec6693b4c67be8e1a98883fd5ba~mv2.png, Wine; White;Sea Star Vineyards; Gulf Islands,291644,TEMPORARY PRICE REDUCTION,25.2,,true,AMOUNT,4.21,InStock,,,,,,,,,,,,,,,,,,,,,CASE SIZE,12 x 750 ml,,,,,,,,,,,,,,,,,Sea Star Vineyards
1444,Product,Synchromesh 2023 Thorny Vines Riesling,"About a third of the way up the Naramata Bench with a Northern aspect, the Thorny Vines property is lovingly cared for by the Hornby-Smiths. Reaching into slightly richer loamy soils, these vines bring palate weight and a linear acidity not seen from our other properties.&nbsp; Citrus and mandarin explode on the nose leading to a very textured mouthfeel of tropical fruit and apple. A sweet kiss lifts the fruit until the Thorny Vines acidity wipes it clean to a nearly dry finish.",02af16_0e3e077855114fa59be5ae84da71941e~mv2.jpg, Okanagan; Wine; White;Synchromesh,345942,,23.0,,false,PERCENT,0.0,OutOfStock,,,,,,,,,,,,,,,,,,,,,CASE SIZE,12 x 750 ml,,,,,,,,,,,,,,,,,Synchromesh
1445,Product,Synchromesh 2023 Long's View Riesling,"The former Bob Hancock Vineyard has been renamed for the current owners Charles and Linda Long. Returning to vineyard ownership after many years, the Long’s have committed to a fully organic transition of this property as we nurture it into maturity. Located up above the Naramata Village on an alluvial fan of mostly calcium carbonate, the gentle southern slope provides very even and balanced ripening with great acid retention and gentle structure.",02af16_12aa1f369b244a80b1895150514ee743~mv2.png, Okanagan; Wine; White;Synchromesh,635524,,23.0,,false,PERCENT,0.0,OutOfStock,,,,,,,,,,,,,,,,,,,,,CASE SIZE,12 x 750 ml,,,,,,,,,,,,,,,,,Synchromesh
1448,Product,Synchromesh 2017 Riesling Black Label Storm Haven Vineyard,,, Okanagan; Wine; White;Synchromesh,820894-1,,27.0,,false,PERCENT,0.0,OutOfStock,,,,,,,,,,,,,,,,,,,,,CASE SIZE,12 x 750 ml,,,,,,,,,,,,,,,,,Synchromesh
1539,Product,Synchromesh 2022 Storm Haven Blue Label Gibson Block 3 Riesling,,02af16_db8e8cb4655a41a9bbb0995568761975~mv2.png, Okanagan; Wine; White;Synchromesh,820894,,24.0,,true,PERCENT,0.0,InStock,,,,,,,,,,,,,,,,,,,,,CASE SIZE,12 x 750 ml,,,,,,,,,,,,,,,,,Synchromesh
2300,Product,Synchromesh 2022 Storm Haven Blue Label Gold Digger Riesling,,02af16_41bd91074545417baa2e74871e52c50d~mv2.png, Okanagan; Wine; White;Synchromesh,419471,COLLECTABLE,24.0,,true,PERCENT,0.0,InStock,,,,,,,,,,,,,,,,,,,,,CASE SIZE,12 x 750 ml,,,,,,,,,,,,,,,,,Synchromesh
3746,Product,Synchromesh 2023 Storm Haven White Label Riesling,"Storm Haven vineyard is the 107 acre home and heart of Synchromesh. With large elevation changes and varying geology, we are able explore very different expressions of Riesling from each block. This wine comprises fermentations from Block 3, Gibson Block, Boulders and Gold Digger.",02af16_ef4c8fffebb146d38711cad0e87e730e~mv2.png, Okanagan; Wine; White;Synchromesh,3588,,23.0,,false,PERCENT,0.0,OutOfStock,,,,,,,,,,,,,,,,,,,,,CASE SIZE,12 x 750 ml,,,,,,,,,,,,,,,,,Synchromesh
1442,Product,Synchromesh 2023 Riesling Blend,"A thoughtful blend of the Four Riesling vineyards: Long’s View Vineyard, Thorny Vines Vineyard, Four Shadows Vineyard and Storm Haven Vineyard in Okanagan Falls.",02af16_d8d038d5492946caa63a7705d0b924e1~mv2.png, Okanagan; Wine; White;Synchromesh,850115,,18.0,,false,PERCENT,0.0,OutOfStock,,,,,,,,,,,,,,,,,,,,,CASE SIZE,12 x 750 ml,,,,,,,,,,,,,,,,,Synchromesh
1447,Product,Synchromesh 2022 Storm Haven Cabernet Franc,"<p>Storm Haven Vineyard is the 107-acre home and heart of Synchromesh. With large elevation changes and varying geology, we are able to explore very different expressions of Riesling, Cabernet Franc and Pinot Noir from each block. Farmed without synthetics or chemicals and following a holistic approach, we strive to grow our vines within the existing ecosystem rather than manipulating it. All this is supported by a 65 acre sanctuary to protect the sensitive habitat that calls our property home.</p><p>&nbsp;</p><p>The Storm Haven Label represents the pinnacle of wines from this property in a given year.</p>",9a5bba_4f6fbcb9116e442382b6be9fda79033a~mv2.jpg, Okanagan; Wine; Red;Synchromesh,58047,COLLECTABLE,24.0,,true,PERCENT,0.0,InStock,,,,,,,,,,,,,,,,,,,,,CASE SIZE,12 x 750 ml,,,,,,,,,,,,,,,,,Synchromesh
1457,Product,Synchromesh 2017 Cabernet Franc Turtle Rock Farms,,02af16_fc6f2a7ecd584950ba4188f320955ecf~mv2.jpg, Okanagan; Wine; Red;Synchromesh,760389,,40.0,,false,PERCENT,0.0,OutOfStock,,,,,,,,,,,,,,,,,,,,,CASE SIZE,12 x 750 ml,,,,,,,,,,,,,,,,,Synchromesh
1458,Product,Synchromesh 2016 Merlot Turtle Rock Farms,"From a single vineyard on a granite / gravel base above the Naramata Bench, this merlot is dark and broodingly dense with roasted coffee, walnuts, and inky cassis. The palate is plush, and the tannins softened, though the wood striation is still very noticeable and upfront. Lots going on here; one to lay down for a few more years. <em>Treve Ring - Gismondi On Wine</em>",, Okanagan; Wine; Red;Synchromesh,3580,,40.0,,false,PERCENT,0.0,OutOfStock,,,,,,,,,,,,,,,,,,,,,CASE SIZE,12 x 750 ml,,,,,,,,,,,,,,,,,Synchromesh
2299,Product,Synchromesh 2022 Storm Haven 'Blue Label' Pinot Noir,,02af16_b99f9433efd844daaef48afa52412093~mv2.png, Okanagan; Wine; Red;Synchromesh,81941,,30.0,,false,PERCENT,0.0,OutOfStock,,,,,,,,,,,,,,,,,,,,,CASE SIZE,12 x 750 ml,,,,,,,,,,,,,,,,,Synchromesh
2301,Product,Synchromesh 2022 Tertre Rouge Story Orchard Farms,"<p>This is a single vineyard wine from Story Orchard Farms above the Naramata Bench that we have been farming since 2011 (formerly known as Turtle Rock Farms). This stunning property has perfect conditions for long slow ripening of Cabernet Franc and Merlot. Aged for 16 months in French Oak with 28% new barrels, bottled without fining or filtration this is a blend of Merlot (51%) and Cabernet Franc (49%).</p>",7c9ba4_87aaee6fa69b4b9992919cc185bb4bcb~mv2.png, Okanagan; Wine; Red;Synchromesh,239103,LIMITED,23.0,,true,PERCENT,0.0,InStock,,,,,,,,,,,,,,,,,,,,,CASE SIZE,12 x 750 ml,,,,,,,,,,,,,,,,,Synchromesh
917,Product,Unsworth Charme de l’île Rosé,The rosé counterpart to our flagship Charme de l’île is crafted from 100% Pinot Noir.,02af16_d31df6b2b2cc4f4489db5ca1af592b4d~mv2.png, Vancouver Island; Wine;Unsworth Vineyards; Sparkling,116693,,22.96,,true,AMOUNT,1.0,InStock,,,,,,,,,,,,,,,,,,,,,CASE SIZE,12 x 750 ml,,,,,,,,,,,,,,,,,Unsworth Vineyards
1228,Product,Unsworth 2023 Chardonnay,"<p>Cowichan Valley Chardonnay</p><p>Aromas of lemon, yellow apple and blanched almonds on the nose lead to vibrant citrus and apple notes on the palate. Coy in its youth, this wine will continue to develop complexity with 3-5 years in the cellar.</p>",02af16_10d8ec7b751e4534bfbd3085c7208125~mv2.png, Vancouver Island; Wine; White;Unsworth Vineyards,112758,,26.99,,false,PERCENT,0.0,OutOfStock,,,,,,,,,,,,,,,,,,,,,CASE SIZE,12 x 750 ml,,,,,,,,,,,,,,,,,Unsworth Vineyards
1230,Product,Unsworth 2021 Sauvignette,"This rather unique Vancouver Island grape variety has fantastic texture due to neutral French oak barrel fermentation and aging. White peach and grapefruit aromas on the palate lead to vibrant Key lime and pear flavours with notes of salty ocean air. Aged on fine lees in barriques for 6 months",02af16_f43eebbcc58940688702d61700e0a01b~mv2.png, Vancouver Island; Wine; White;Unsworth Vineyards,210203,,22.98,,false,PERCENT,0.0,OutOfStock,,,,,,,,,,,,,,,,,,,,,CASE SIZE,12 x 750 ml,,,,,,,,,,,,,,,,,Unsworth Vineyards
1232,Product,Unsworth 2024 Pinot Gris,"<p>Cowichan Valley Pinot Gris</p><p>&nbsp;</p><p>Cowichan Valley’s most planted white grape is a hallmark Unsworth Vineyards white wine. This wine is dry and poised with flavours of lime sherbet, pear, and green apple.</p><p>&nbsp;</p><p>Fermentation: 90% stainless steel, 10% neutral French oak</p>",02af16_2714455dea3f4d3abc9267d127a269cb~mv2.png, Vancouver Island; Wine; White;Unsworth Vineyards,30432,,19.89,,false,PERCENT,0.0,OutOfStock,,,,,,,,,,,,,,,,,,,,,CASE SIZE,12 x 750 ml,,,,,,,,,,,,,,,,,Unsworth Vineyards
1234,Product,Unsworth 2024 Pinot Gris - Keg,"Vancouver Island’s most planted white grape is a hallmark Unsworth wine. This wine is dry and poised with flavours of lemon curd, pear, and green apple.Fermented in 90% Stainless Steel and 10% neutral barriques",02af16_b7ee7ef2290e4cc4a31dac2157017ea8~mv2.png, Vancouver Island; White;Unsworth Vineyards; Keg; Wine,20402,,487.21,,true,PERCENT,0.0,InStock,,,,,,,,,,,,,,,,,,,,,CASE SIZE,1 x 20 litre,,,,,,,,,,,,,,,,,Unsworth Vineyards
1236,Product,"Unsworth 2024 Pinot Gris ""Saison Vineyard""","<p>Saison Vineyard Pinot Gris</p><p>&nbsp;</p><p>We wanted to celebrate the special terroir of Saison, thus decided to make this single vineyard Pinot Gris. It is dry and bright on the palate with a great breadth of flavour and even more vibrant notes of salinity, ripe citrus, and apple.</p><p>Fermentation: 90% stainless steel, 10% neutral French oak</p>",02af16_96b5e930ada84a7a909fad2c51904d79~mv2.png, Vancouver Island; Wine; White;Unsworth Vineyards,304604,,21.96,,false,PERCENT,0.0,OutOfStock,,,,,,,,,,,,,,,,,,,,,CASE SIZE,12 x 750 ml,,,,,,,,,,,,,,,,,Unsworth Vineyards
1238,Product,Unsworth 2022 Petit Milo,"Petit Milo, considering our cool climate, shows surprisingly ripe flavours of apricot, white peach and green papaya. Due to its small berries and thick skins, it is packed full of flavour to accompany its wonderful texture. Armed with a crisp finish, Petit Milo brings an exotic flair perfect for a wide array of food.",02af16_b3862aecc5c440fcb1c442cbed172ab7~mv2.png, Vancouver Island; Wine; White;Unsworth Vineyards,155952,,20.98,,false,PERCENT,0.0,InStock,,,,,,,,,,,,,,,,,,,,,CASE SIZE,12 x 750 ml,,,,,,,,,,,,,,,,,Unsworth Vineyards
1240,Product,"Unsworth 2022 Auxerrois ""Wild Island""","Dry with round mouthfeel and ripe orchard fruit aromas. Auxerrois was once under-appreciated but is now enjoying a resurgence of popularity in BC.Ripe melon and windfall yellow apples fill the bouquet on the nose. On the palate this wine is dry with medium body supported by soft acidity and notes of cantaloupe, lilies and yellow apple.",02af16_1fedb5b897b24f8ab20d49801afdf0e1~mv2.png, Vancouver Island; Wine; White;Unsworth Vineyards,76623,,25.99,,true,PERCENT,0.0,InStock,,,,,,,,,,,,,,,,,,,,,CASE SIZE,12 x 750 ml,,,,,,,,,,,,,,,,,Unsworth Vineyards
1242,Product,Unsworth 2023 Gamay Pinot Noir,,7c9ba4_e287f41000724d1c90db7409c3c02e67~mv2.png, Vancouver Island; Wine; Red;Unsworth Vineyards,166361,,25.99,,false,PERCENT,0.0,InStock,,,,,,,,,,,,,,,,,,,,,CASE SIZE,12 x 750 ml,,,,,,,,,,,,,,,,,Unsworth Vineyards
1244,Product,Unsworth 2018 Gamay Noir / Pinot Noir - Keg,,02af16_b7ee7ef2290e4cc4a31dac2157017ea8~mv2.png, Vancouver Island;Unsworth Vineyards; Keg; Red; Wine,155464,,439.0,,false,PERCENT,0.0,OutOfStock,,,,,,,,,,,,,,,,,,,,,CASE SIZE,1 x 20 litre,,,,,,,,,,,,,,,,,Unsworth Vineyards
1246,Product,Unsworth 2024 Rosé,"Dry and fruit forward on the palate, Unsworth Rosé is purpose made 100% Pinot Noir. Aromas of strawberry and raspberry give way to flavours of cranberry and notes of rhubarb.Most associated with the summer months, rosé can add sunshine to every season.",7c9ba4_0d05ef9f30b8483f8e96ee1e9d0d8420~mv2.png, Vancouver Island; Wine; Rosé;Unsworth Vineyards,103107,,19.97,,true,PERCENT,0.0,InStock,,,,,,,,,,,,,,,,,,,,,CASE SIZE,12 x 750 ml,,,,,,,,,,,,,,,,,Unsworth Vineyards
1248,Product,"Unsworth 2022 Pinot Noir ""Cowichan Valley""","<p>Cowichan Valley Pinot Noir</p><p>With aromas of opulent red fruit, violets, and baking spice on the nose, the palate continues to impress revealing notes of cherries, wild berries and notes of fall forest. Bright mouthfeel and velvety tannins add to the layers of complexity</p>",7c9ba4_f4bdee657b9f45f39d1f4244e703b19f~mv2.jpg, Vancouver Island; Wine; Red;Unsworth Vineyards,303586,,29.99,,true,AMOUNT,2.0,InStock,,,,,,,,,,,,,,,,,,,,,CASE SIZE,12 x 750 ml,,,,,,,,,,,,,,,,,Unsworth Vineyards
1250,Product,"Unsworth 2023 Symphony ""Island Red Blend""","<p>Symphony is a deliciously unique Vancouver Island wine. Aromas of cherry, tobacco leaf and cedar box on the nose reveal flavours of Bing cherry, plum, spices, and charcoal on the palate. This wine is dry, well structured, and versatile with an array of cuisine.</p><p>&nbsp;</p><p>Varieties:&nbsp; Cabernet Libre, Labelle, Corivese</p>",02af16_0bd65157b9ee47e88a2c00b57547fe27~mv2.png, Vancouver Island; Wine; Red;Unsworth Vineyards,43257,,25.99,,true,PERCENT,0.0,InStock,,,,,,,,,,,,,,,,,,,,,CASE SIZE,12 x 750 ml,,,,,,,,,,,,,,,,,Unsworth Vineyards
1251,Product,Unsworth 2021 Symphony - Island Red Blend - Keg,"Wild berries, currants, dried tobacco and notes of coastal forests on the nose give way to structured tannins, cherries and exotic spices on the palate. Symphony is a blend of Cabernet Libre, Labelle and small percentages of other sparsely planted varieties unique to Vancouver Island.",02af16_2e760458efff47c193aa7b22a387d45e~mv2.png, Vancouver Island;Unsworth Vineyards; Keg; Red; Wine,130928,,569.01,,true,PERCENT,0.0,InStock,,,,,,,,,,,,,,,,,,,,,CASE SIZE,1 x 20 litre,,,,,,,,,,,,,,,,,Unsworth Vineyards
1253,Product,Unsworth 2016 Tim Buck Two Cab/Merlot,,02af16_d583018603184ccc94460f144175b5c1~mv2.png, Vancouver Island; Wine; Red;Unsworth Vineyards,297713,,18.5,,false,PERCENT,0.0,OutOfStock,,,,,,,,,,,,,,,,,,,,,CASE SIZE,12 x 750 ml,,,,,,,,,,,,,,,,,Unsworth Vineyards
2614,Product,Unsworth Vineyards 2023 Rosé Keg,,02af16_b7ee7ef2290e4cc4a31dac2157017ea8~mv2.png, Vancouver Island;Unsworth Vineyards; Keg; Rosé; Wine,20134,,488.99,,true,PERCENT,0.0,InStock,,,,,,,,,,,,,,,,,,,,,CASE SIZE,1 x 20 litre,,,,,,,,,,,,,,,,,Unsworth Vineyards
10351,Product,Unsworth Vineyards 2022 Pinot Noir Keg,"Selected from the best hillside blocks from our vineyards, the Pinot Noir fruit that is destined for red wine is handled with the utmost care consistent with premium Pinot Noir production around the globe. Volumes are low to keep quality high. A light and vibrant expression of coastal Pinot Noir with a depth of flavour and complexity that impresses the most discerning of drinker. Aromas of cherry, dried strawberry with notes of dried leaves and subtle spice are complimented by flavours of dark cherry hallmark to Vancouver Island Pinot Noir.",02af16_2e760458efff47c193aa7b22a387d45e~mv2.png;02af16_b1e1221ef6424a9792277f8532161871~mv2.png, Vancouver Island;Unsworth Vineyards; Keg; Red; Wine,20415,,695.75,,true,PERCENT,0.0,InStock,,,,,,,,,,,,,,,,,,,,,CASE SIZE,1 x 20 litre,,,,,,,,,,,,,,,,,Unsworth Vineyards
10734,Product,Unsworth Vineyards 2020 Island Melody,"This fun, quaffable white wine blend of Pinot Gris (49%), Amiel (16%), Sauvignette (14%) Petit Milo (11%), Bachus (6%), Auxerrois (4%) . Fruit and floral aromatics give way to a pleasing and smooth mid palate and long finish.",02af16_3f1d2478f8084d8fabebd14f921d8202~mv2.png, Vancouver Island; Wine; White;Unsworth Vineyards,9723,,14.99,,false,PERCENT,0.0,OutOfStock,,,,,,,,,,,,,,,,,,,,,CASE SIZE,12 x 750 ml,,,,,,,,,,,,,,,,,Unsworth Vineyards
911,Product,Unsworth Charme de l'île,"A vibrant blend of mostly Pinot Gris, Pinot Noir with a smattering of other cool climate grape varieties. Made in the Charmat Method of sparkling wine production, Charme is our local alternative to Prosecco. It is fruit forward on the nose and dry on the palate resulting in a quintessential island bubble!",02af16_170022aabcec48709e3a97b386b115bf~mv2.jpeg, Vancouver Island;Unsworth Vineyards; Sparkling,671289,,22.96,,true,AMOUNT,1.0,InStock,,,,,,,,,,,,,,,,,,,,,CASE SIZE,12 x 750 ml,,,,,,,,,,,,,,,,,Unsworth Vineyards
1346,Product,Wayward Distillery Unruly Vodka 375ml,"Unruly Vodka starts life as 100% pure BC Honey. We gently ferment our honey into mead and distill that mead into vodka using custom designed stills to separate out the harsh heads and the oily tails,&nbsp;ensuring that only the softest and sweetest hearts are ever collected.",02af16_18ec1c3094f448fc806d78d5648ff6b7~mv2.png,Wayward Distillery; Vancouver Island; Spirits,1795,,29.36,,false,PERCENT,0.0,OutOfStock,,,,,,,,,,,,,,,,,,,,,CASE SIZE,12 x 375 ml,,,,,,,,,,,,,,,,,Wayward Distillery
1348,Product,Wayward Distillery Unruly Gin 750ml,"Unruly Gin starts life as 100% pure BC Honey. We gently ferment our honey into mead and distill that mead to spirit using custom designed stills to separate out the harsh heads and the oily tails,&nbsp;ensuring that only the softest and sweetest hearts are ever collected. We then distill those hearts one final time, using vapour infusion to capture the delicate and bright aromas of our unique blend of locally sourced and organic botanicals.
Juniper with a hint of cedar and citrus, a dash of fragrant lavender and sarsaparilla root, and the vibrant notes of coriander.",02af16_b2e072d965a64b3da043e0908798f5f2~mv2.png,Wayward Distillery; Vancouver Island; Spirits,67595,,55.96,,true,PERCENT,0.0,InStock,,,,,,,,,,,,,,,,,,,,,CASE SIZE,6 x 750 ml,,,,,,,,,,,,,,,,,Wayward Distillery
1350,Product,Wayward Distillery Unruly Gin 375ml,"Unruly Gin starts life as 100% pure BC Honey. We gently ferment our honey into mead and distill that mead to spirit using custom designed stills to separate out the harsh heads and the oily tails,&nbsp;ensuring that only the softest and sweetest hearts are ever collected. We then distill those hearts one final time, using vapour infusion to capture the delicate and bright aromas of our unique blend of locally sourced and organic botanicals.",02af16_2b9619148f484fe78e2336774cefbefa~mv2.png,Wayward Distillery; Vancouver Island; Spirits,1798,,29.36,,false,PERCENT,0.0,OutOfStock,,,,,,,,,,,,,,,,,,,,,CASE SIZE,12 x 375 ml,,,,,,,,,,,,,,,,,Wayward Distillery
1352,Product,Wayward Distillery Char #3 - Barrel Aged Gin 375ml,"When a gin and bourbon love each other very much you end up with Wayward's - Char #3. This unlikely union between our honey-based Unruly Gin and the inside of a charred bourbon barrel captures the best from both worlds.
Six months in the barrel balances earthy citrus against aromatic toasted vanilla and finishes up this spirit with some long, lingering spice. This is an unexpected gin for the unrepentant bourbon lover!",02af16_443c21529f4b45389886cdfd9e7a5f32~mv2.jpg,Wayward Distillery; Vancouver Island; Spirits,399915-2,,31.15,,false,PERCENT,0.0,OutOfStock,,,,,,,,,,,,,,,,,,,,,CASE SIZE,12 x 375 ml,,,,,,,,,,,,,,,,,Wayward Distillery
1354,Product,Wayward Distillery Raspberry Gin Liqueur 375ml,"This bright &amp; refreshing Raspberry Gin Liqueur will be your best friend all year.
Like the saying goes: when life gives you raspberries, you crush the hell out of them, add a touch of raw honey and blend them together into premium gin - obviously.",02af16_02fa827f36bb4e14b8725a3dd36702d3~mv2.png,Wayward Distillery; Vancouver Island; Spirits,531049,,22.92,,true,PERCENT,0.0,InStock,,,,,,,,,,,,,,,,,,,,,CASE SIZE,12 x 375 ml,,,,,,,,,,,,,,,,,Wayward Distillery
1355,Product,Wayward Distillery Raspberry Gin Liqueur 750ml,"This bright &amp; refreshing Raspberry Gin Liqueur will be your best friend all year.
Like the saying goes: when life gives you raspberries, you crush the hell out of them, add a touch of raw honey and blend them together into premium gin - obviously.",02af16_02fa827f36bb4e14b8725a3dd36702d3~mv2.png,Wayward Distillery; Vancouver Island; Spirits,531082,,35.82,,true,PERCENT,0.0,InStock,,,,,,,,,,,,,,,,,,,,,CASE SIZE,12 x 750 ml,,,,,,,,,,,,,,,,,Wayward Distillery
1357,Product,Wayward Distillery Krupnik - Spiced Honey Liqueur 375ml,"Before you open this bottle, Wayward would like to take this opportunity to apologize. We are about to ruin your drinking life with this golden-hued, Polish gem of a honey spirit called&nbsp;Krupnik. Often compared to cinnamon whisky or spiced rum,&nbsp;Krupnik&nbsp;is a spirit in a category all its own. To save yourself from this addictive blend of toasted honey, cinnamon, nutmeg, raw vanilla and citrus peel it should NEVER be mixed with sparkling apple cider, ginger beer, chai tea, or hot water and lemon. And never you mind that favourite flask...Once you have opened this you won't be able to stop and we're sorry.So sorry.",02af16_281d5c8d549b45d7b3e6c4ca5d6bcdf7~mv2.png,Wayward Distillery; Vancouver Island; Spirits,393507,,25.57,,true,PERCENT,0.0,InStock,,,,,,,,,,,,,,,,,,,,,CASE SIZE,12 x 375 ml,,,,,,,,,,,,,,,,,Wayward Distillery
1358,Product,Wayward Distillery Krupnik - Spiced Honey Liqueur 750ml,"Before you open this bottle, Wayward would like to take this opportunity to apologize. We are about to ruin your drinking life with this golden-hued, Polish gem of a honey spirit called&nbsp;Krupnik. Often compared to cinnamon whisky or spiced rum,&nbsp;Krupnik&nbsp;is a spirit in a category all its own. To save yourself from this addictive blend of toasted honey, cinnamon, nutmeg, raw vanilla and citrus peel it should NEVER be mixed with sparkling apple cider, ginger beer, chai tea, or hot water and lemon. And never you mind that favourite flask...Once you have opened this you won't be able to stop and we're sorry.So sorry.",02af16_281d5c8d549b45d7b3e6c4ca5d6bcdf7~mv2.png,Wayward Distillery; Vancouver Island; Spirits,45843,,39.68,,true,PERCENT,0.0,InStock,,,,,,,,,,,,,,,,,,,,,CASE SIZE,12 x 750 ml,,,,,,,,,,,,,,,,,Wayward Distillery
2516,Product,Wayward Distillery Drunken Hive Rum 375ml,,02af16_d7b72aa6fe98453ea790b78749db611e~mv2.png,Wayward Distillery; Vancouver Island; Spirits,992339,,40.25,,true,PERCENT,0.0,InStock,,,,,,,,,,,,,,,,,,,,,CASE SIZE,12 x 375 ml,,,,,,,,,,,,,,,,,Wayward Distillery
2517,Product,Wayward Distillery Drunken Hive Rum 750ml,,02af16_d7b72aa6fe98453ea790b78749db611e~mv2.png,Wayward Distillery; Vancouver Island; Spirits,501414,,74.2,,true,PERCENT,0.0,InStock,,,,,,,,,,,,,,,,,,,,,CASE SIZE,12 x 750 ml,,,,,,,,,,,,,,,,,Wayward Distillery
2518,Product,Wayward Distillery Elixer - Premium Craft 151 375ml,,,Wayward Distillery; Vancouver Island; Spirits,12537,,37.11,,false,PERCENT,0.0,OutOfStock,,,,,,,,,,,,,,,,,,,,,CASE SIZE,12 x 375 ml,,,,,,,,,,,,,,,,,Wayward Distillery
3656,Product,Wayward Distillery Cortes Island Apple Brandy - Cask Strength 375ml,"It's like Calvados, only cask strength and made from heritage apples grown on Cortes Island! Harvested in 2018, this apple brandy was aged almost 3 years in a single whisky cask. This is not your grammy’s brandy. This is bold, spicy and resinous with apple sauce and custard and an overabundance of personality. In other words, just the way we like it!",02af16_1630e1926f2b49f4b7ca642cd51af350~mv2.png,Wayward Distillery; Vancouver Island; Spirits,370927-2,,40.06,,false,PERCENT,0.0,OutOfStock,,,,,,,,,,,,,,,,,,,,,CASE SIZE,12 x 375 ml,,,,,,,,,,,,,,,,,Wayward Distillery
3696,Product,Wayward Distillery Depth Charge Espresso & Cacao Bean Vodka Infusion 375ml,"Rebuilt and Reimagined for 2022!
Wayward Distillery runs on coffee. We love it. Some say we need it.
Depth Charge Vodka Infusion is the embodiment of everything we love about coffee: it's deep, dark, nutty and delicious! Instead of cold brewing on water, we cold brew espresso beans and cacao beans on our super smooth vodka, capturing all the complex coffee aromas and real dark chocolate flavours. It's then finished with just a drop of our own honey to tie it all together.",02af16_29b313d3108346779d7da55c5f5ad1f7~mv2.png,Wayward Distillery; Vancouver Island; Spirits,420740,,22.92,,true,PERCENT,0.0,InStock,,,,,,,,,,,,,,,,,,,,,CASE SIZE,12 x 375 ml,,,,,,,,,,,,,,,,,Wayward Distillery
3722,Product,Wayward Distillery Depth Charge Espresso & Cacao Bean Vodka Infusion 750 ml,"Rebuilt and Reimagined for 2022!
Wayward Distillery runs on coffee. We love it. Some say we need it.
Depth Charge Vodka Infusion is the embodiment of everything we love about coffee: it's deep, dark, nutty and delicious! Instead of cold brewing on water, we cold brew espresso beans and cacao beans on our super smooth vodka, capturing all the complex coffee aromas and real dark chocolate flavours. It's then finished with just a drop of our own honey to tie it all together.",02af16_9735d24b53ac4cd99a1315ede75965e3~mv2.png,Wayward Distillery; Vancouver Island; Spirits,420831,,35.82,,true,PERCENT,0.0,InStock,,,,,,,,,,,,,,,,,,,,,CASE SIZE,12 x 750 ml,,,,,,,,,,,,,,,,,Wayward Distillery
3893,Product,Wayward Distillery Comox Valley Apple Brandy - Cask Strength 375ml,"It's like Calvados, only cask strength and made from heritage cider apples grown on the banks of the Tsolum River in the Comox Valley!
Harvested in 2019, this apple brandy was aged almost 3 years in a single Drunken Hive Rum cask. This is not your grammy’s brandy. This is bold, spicy and resinous with apple sauce and custard and an overabundance of personality. In other words, just the way we like it!
375ml / 61.45%",02af16_32dd237aba7f451aa32d5fbfb166282e~mv2.jpeg,Wayward Distillery; Vancouver Island; Spirits,370927,,40.06,,false,PERCENT,0.0,InStock,,,,,,,,,,,,,,,,,,,,,CASE SIZE,12 x 375 ml,,,,,,,,,,,,,,,,,Wayward Distillery
10277,Product,Wayward Distillery Char #3 - Barrel Aged Gin - Rum Edition 375ml,"We aged our signature 100% fermented from honey Unruly Gin in the cozy embrace of our award-winning Drunken Hive Rum barrels for 8 tasty months, yielding a softer and sweeter profile than traditional Char #3. The juniper takes a backseat as tropical fruit, root beer, vanilla pudding, candied orange, and caramelized molasses confidently steal the spotlight.",02af16_19392507f89148a7945723c453ae967f~mv2.png,Wayward Distillery; Vancouver Island; Spirits,399915,,31.36,,false,PERCENT,0.0,OutOfStock,,,,,,,,,,,,,,,,,,,,,CASE SIZE,375 ml,,,,,,,,,,,,,,,,,Wayward Distillery
10381,Product,Wayward Distillery Bee Champion Craft Gin 750ml,"Opening: Embrace the bold, piney freshness of juniper and locally harvested spruce tips.Mid-Palate: Citrus undertones with hints of spruce tip, balanced by lemon and orange peel and a dash of lemongrass.Top Note: Floral and slightly fruity, yet restrained from being overly perfumy. With lavender, rose, rosehip (reminiscent of strawberry fruit leather) and subtle violet.Complexity: A subtle hint of brine, courtesy of Rosemary and Cucumber peelFinish: Smooth vanilla from sarsaparilla root leaves a pleasant, lingering aftertaste.",02af16_4ae0150b82d442b386ecb04e96ad1215~mv2.png,Wayward Distillery; Vancouver Island; Spirits,421961,,27.9,,true,PERCENT,0.0,OutOfStock,,,,,,,,,,,,,,,,,,,,,CASE SIZE,12 x 750 ml,,,,,,,,,,,,,,,,,Wayward Distillery
1345,Product,Wayward Distillery Unruly Vodka 750ml,"Unruly Vodka starts life as 100% pure BC Honey. We gently ferment our honey into mead and distill that mead into vodka using custom designed stills to separate out the harsh heads and the oily tails,&nbsp;ensuring that only the softest and sweetest hearts are ever collected.Hint of vanilla on the palate are what make this vodka stand out. The incredibly smooth finish and uncompromising dedication to the highest quality of spirit are what sets Unruly Vodka apart.",02af16_27c7919626fd43a08da636fb66709f74~mv2.png,Wayward Distillery; Vancouver Island; Spirits,857151,,55.96,,true,PERCENT,0.0,InStock,,,,,,,,,,,,,,,,,,,,,CASE SIZE,6 x 750 ml,,,,,,,,,,,,,,,,,Wayward Distillery
1360,Product,Wayward Distillery Depth Charge - Celiac Safe Version 375ml,Welcome to the delightful collaboration between a small local coffee roastery and Wayward’s award winning Unruly Vodka. We cold brew a custom blend of organic fair trade espresso and raw organic cacao nibs with our Unruly Vodka to achieve dark and dry perfection.,02af16_a3904d94020044f8acde44a21b20474b~mv2.png,Wayward Distillery; Vancouver Island; Spirits,695742,,22.92,,false,PERCENT,0.0,InStock,,,,,,,,,,,,,,,,,,,,,CASE SIZE,12 x 375 ml,,,,,,,,,,,,,,,,,Wayward Distillery
930,Product,"Unsworth 2024 Allegro ""Island White Blend""","<p>Aromas of ripe peach, green papaya, and soft floral notes on the nose, which leads to a bright mid palate and refreshing length. This unique and hyperlocal blend of Petit Milo and Sauvignette is a true Vancouver Island hallmark.</p>",02af16_ad4c827349994f23865e9783b7f77faa~mv2.jpg,Unsworth Vineyards; Vancouver Island; White; Wine,49089,,18.99,,true,PERCENT,0.0,InStock,,,,,,,,,,,,,,,,,,,,,CASE SIZE,"<p>12 x 750 ml</p>
",,,,,,,,,,,,,,,,,Unsworth Vineyards
